in:name,in:width,in:length,in:core w.,in:core l.,in:floor height,in:shift l.,in:shift w.,in:concrete or steel,in:glass type,in:glazing ratio ,out:FLOOR AREA,out:DAYLIGHT FACT.,out:COOLING kwh,out:HEATING kwh,out:STEEL ece,out:CONC. Ece,out:GLAZING ece,out:TOTAL ece,img:Image Name,threeD
9.0-20.0-2.5-3.0-4.0--2.0--1.0-0.0-1.0-0.4,9,20,2.5,3,4,-2,-1,0,1,40,6384,32.2,214886,304414,297.9,278.1,94.4,4279980.0,9.0-20.0-2.5-3.0-4.0--2.0--1.0-0.0-1.0-0.4_0__Perspective.png,9.0-20.0-2.5-3.0-4.0--2.0--1.0-0.0-1.0-0.4.json
7.8-19.8-3.0-5.2-5.5-0.2--1.0-1.0-2.0-0.3,7.8,19.8,3,5.2,5.5,0.2,-1,1,2,30,4950.7,87.4,226647,296693,288.4,95.7,277.2,3273526.6,7.8-19.8-3.0-5.2-5.5-0.2--1.0-1.0-2.0-0.3_0__Perspective.png,7.8-19.8-3.0-5.2-5.5-0.2--1.0-1.0-2.0-0.3.json
8.2-18.5-2.7-5.1-6.3-1.5--0.3-1.0-2.0-0.5,8.2,18.5,2.7,5.1,6.3,1.5,-0.3,1,2,50,4831.4,87,226197,304768,416.0,115.5,291.0,3974266.9,8.2-18.5-2.7-5.1-6.3-1.5--0.3-1.0-2.0-0.5_0__Perspective.png,8.2-18.5-2.7-5.1-6.3-1.5--0.3-1.0-2.0-0.5.json
8.5-15.1-3.3-4.2-4.1--1.0--0.5-0.0-0.0-0.6,8.5,15.1,3.3,4.2,4.1,-1,-0.5,0,0,60,4036.9,41.6,168419,211710,324.9,303.3,101.9,2947225.0,8.5-15.1-3.3-4.2-4.1--1.0--0.5-0.0-0.0-0.6_0__Perspective.png,8.5-15.1-3.3-4.2-4.1--1.0--0.5-0.0-0.0-0.6.json
6.0-18.5-2.9-3.8-5.6--1.5-0.7-0.0-1.0-0.6,6,18.5,2.9,3.8,5.6,-1.5,0.7,0,1,60,3701,96,179156,231811,289.9,270.7,187.6,2768980.0,6.0-18.5-2.9-3.8-5.6--1.5-0.7-0.0-1.0-0.6_0__Perspective.png,6.0-18.5-2.9-3.8-5.6--1.5-0.7-0.0-1.0-0.6.json
6.9-16.3-3.1-4.1-5.2--0.2-0.5-1.0-0.0-0.8,6.9,16.3,3.1,4.1,5.2,-0.2,0.5,1,0,80,3418.6,78.4,180578,203602,370.4,135.6,145.9,2228804.2,6.9-16.3-3.1-4.1-5.2--0.2-0.5-1.0-0.0-0.8_0__Perspective.png,6.9-16.3-3.1-4.1-5.2--0.2-0.5-1.0-0.0-0.8.json
6.5-19.7-2.8-4.7-4.1--1.7-0.7-1.0-2.0-0.3,6.5,19.7,2.8,4.7,4.1,-1.7,0.7,1,2,30,4244.1,57.9,172406,232905,304.8,83.4,231.4,2629387.6,6.5-19.7-2.8-4.7-4.1--1.7-0.7-1.0-2.0-0.3_0__Perspective.png,6.5-19.7-2.8-4.7-4.1--1.7-0.7-1.0-2.0-0.3.json
6.9-15.6-2.5-3.2-6.2-0.0--0.8-0.0-1.0-0.5,6.9,15.6,2.5,3.2,6.2,0,-0.8,0,1,50,3488,97.1,171727,230287,315.0,294.1,200.9,2825085.0,6.9-15.6-2.5-3.2-6.2-0.0--0.8-0.0-1.0-0.5_0__Perspective.png,6.9-15.6-2.5-3.2-6.2-0.0--0.8-0.0-1.0-0.5.json
6.8-16.8-2.9-4.0-4.6-1.4--0.8-0.0-1.0-0.5,6.8,16.8,2.9,4,4.6,1.4,-0.8,0,1,50,3808.6,60,159884,216306,286.9,267.8,144.7,2663935.0,6.8-16.8-2.9-4.0-4.6-1.4--0.8-0.0-1.0-0.5_0__Perspective.png,6.8-16.8-2.9-4.0-4.6-1.4--0.8-0.0-1.0-0.5.json
7.2-16.2-2.7-3.8-4.9--2.0-0.4-0.0-1.0-0.5,7.2,16.2,2.7,3.8,4.9,-2,0.4,0,1,50,3886.1,63.1,165795,223337,297.4,277.6,148.0,2809630.0,7.2-16.2-2.7-3.8-4.9--2.0-0.4-0.0-1.0-0.5_0__Perspective.png,7.2-16.2-2.7-3.8-4.9--2.0-0.4-0.0-1.0-0.5.json
8.6-16.5-3.2-5.2-6.1--0.8--0.5-0.0-0.0-0.5,8.6,16.5,3.2,5.2,6.1,-0.8,-0.5,0,0,50,4361.8,77.5,223073,259235,358.3,334.5,157.8,3709893.0,8.6-16.5-3.2-5.2-6.1--0.8--0.5-0.0-0.0-0.5_0__Perspective.png,8.6-16.5-3.2-5.2-6.1--0.8--0.5-0.0-0.0-0.5.json
6.2-16.5-3.4-4.0-6.1-1.6--0.3-0.0-2.0-0.0,6.2,16.5,3.4,4,6.1,1.6,-0.3,0,2,0,3183.8,99.7,175581,224061,286.3,267.3,429.5,3130186.5,6.2-16.5-3.4-4.0-6.1-1.6--0.3-0.0-2.0-0.0_0__Perspective.png,6.2-16.5-3.4-4.0-6.1-1.6--0.3-0.0-2.0-0.0.json
7.1-17.5-3.3-5.0-5.3-1.0-0.2-0.0-1.0-0.8,7.1,17.5,3.3,5,5.3,1,0.2,0,1,80,3697.6,70.9,182726,242484,336.7,314.3,160.8,3001850.0,7.1-17.5-3.3-5.0-5.3-1.0-0.2-0.0-1.0-0.8_0__Perspective.png,7.1-17.5-3.3-5.0-5.3-1.0-0.2-0.0-1.0-0.8.json
6.5-19.8-3.3-5.8-6.1-1.0--0.1-1.0-1.0-0.9,6.5,19.8,3.3,5.8,6.1,1,-0.1,1,1,90,3707,96.8,208031,268869,536.1,160.9,199.6,3323512.2,6.5-19.8-3.3-5.8-6.1-1.0--0.1-1.0-1.0-0.9_0__Perspective.png,6.5-19.8-3.3-5.8-6.1-1.0--0.1-1.0-1.0-0.9.json
8.9-15.3-3.1-3.1-5.4-1.6--0.7-0.0-1.0-0.4,8.9,15.3,3.1,3.1,5.4,1.6,-0.7,0,1,40,4621.8,58.4,186668,260087,327.8,306.0,143.0,3590335.0,8.9-15.3-3.1-3.1-5.4-1.6--0.7-0.0-1.0-0.4_0__Perspective.png,8.9-15.3-3.1-3.1-5.4-1.6--0.7-0.0-1.0-0.4.json
6.9-16.7-3.1-4.2-5.7--1.8--0.3-0.0-2.0-0.0,6.9,16.7,3.1,4.2,5.7,-1.8,-0.3,0,2,0,3676.1,97.2,182717,236818,282.9,264.1,361.5,3339651.0,6.9-16.7-3.1-4.2-5.7--1.8--0.3-0.0-2.0-0.0_0__Perspective.png,6.9-16.7-3.1-4.2-5.7--1.8--0.3-0.0-2.0-0.0.json
6.9-16.0-3.1-3.5-5.8--1.9--0.7-0.0-1.0-0.0,6.9,16,3.1,3.5,5.8,-1.9,-0.7,0,1,0,3737.1,97.4,174645,230484,278.0,259.5,210.8,2796412.4,6.9-16.0-3.1-3.5-5.8--1.9--0.7-0.0-1.0-0.0_0__Perspective.png,6.9-16.0-3.1-3.5-5.8--1.9--0.7-0.0-1.0-0.0.json
7.9-16.2-3.0-4.5-4.5--0.5-0.2-1.0-0.0-0.7,7.9,16.2,3,4.5,4.5,-0.5,0.2,1,0,70,3833.5,58.2,184326,215815,503.3,115.8,118.3,2826930.4,7.9-16.2-3.0-4.5-4.5--0.5-0.2-1.0-0.0-0.7_0__Perspective.png,7.9-16.2-3.0-4.5-4.5--0.5-0.2-1.0-0.0-0.7.json
6.6-17.1-2.9-3.3-4.7--0.3-0.4-1.0-1.0-0.5,6.6,17.1,2.9,3.3,4.7,-0.3,0.4,1,1,50,3514.1,75.5,165834,215613,452.7,101.5,161.8,2515985.0,6.6-17.1-2.9-3.3-4.7--0.3-0.4-1.0-1.0-0.5_0__Perspective.png,6.6-17.1-2.9-3.3-4.7--0.3-0.4-1.0-1.0-0.5.json
7.9-16.5-3.2-3.1-4.1--1.1-0.2-0.0-2.0-0.8,7.9,16.5,3.2,3.1,4.1,-1.1,0.2,0,2,80,4136.2,39.8,165650,229113,311.8,291.1,177.0,3225828.0,7.9-16.5-3.2-3.1-4.1--1.1-0.2-0.0-2.0-0.8_0__Perspective.png,7.9-16.5-3.2-3.1-4.1--1.1-0.2-0.0-2.0-0.8.json
7.3-15.5-2.8-3.1-5.2--1.5-0.0-0.0-0.0-0.3,7.3,15.5,2.8,3.1,5.2,-1.5,0,0,0,30,3605.8,80.5,179439,203009,294.1,274.6,161.3,2631830.3,7.3-15.5-2.8-3.1-5.2--1.5-0.0-0.0-0.0-0.3_0__Perspective.png,7.3-15.5-2.8-3.1-5.2--1.5-0.0-0.0-0.0-0.3.json
8.5-18.3-2.9-3.9-5.7--0.8--0.6-0.0-1.0-0.9,8.5,18.3,2.9,3.9,5.7,-0.8,-0.6,0,1,90,5030.9,59.7,216152,298801,349.3,326.1,128.6,4045110.0,8.5-18.3-2.9-3.9-5.7--0.8--0.6-0.0-1.0-0.9_0__Perspective.png,8.5-18.3-2.9-3.9-5.7--0.8--0.6-0.0-1.0-0.9.json
8.9-16.9-2.5-5.7-6.2-0.1-0.7-0.0-0.0-0.9,8.9,16.9,2.5,5.7,6.2,0.1,0.7,0,0,90,4660.7,63.9,227443,276560,388.2,362.4,128.4,4097055.0,8.9-16.9-2.5-5.7-6.2-0.1-0.7-0.0-0.0-0.9_0__Perspective.png,8.9-16.9-2.5-5.7-6.2-0.1-0.7-0.0-0.0-0.9.json
8.7-16.9-3.2-3.6-4.9--0.6-0.3-0.0-2.0-0.1,8.7,16.9,3.2,3.6,4.9,-0.6,0.3,0,2,10,4579,65,198922,269581,303.4,283.2,261.4,3882748.0,8.7-16.9-3.2-3.6-4.9--0.6-0.3-0.0-2.0-0.1_0__Perspective.png,8.7-16.9-3.2-3.6-4.9--0.6-0.3-0.0-2.0-0.1.json
8.3-19.8-3.3-5.0-4.3--0.3--0.6-1.0-1.0-0.7,8.3,19.8,3.3,5,4.3,-0.3,-0.6,1,1,70,5071.4,48.2,210801,286550,308.5,99.7,112.1,2638543.6,8.3-19.8-3.3-5.0-4.3--0.3--0.6-1.0-1.0-0.7_0__Perspective.png,8.3-19.8-3.3-5.0-4.3--0.3--0.6-1.0-1.0-0.7.json
8.4-19.5-2.5-3.9-6.0--0.2--1.0-0.0-0.0-0.9,8.4,19.5,2.5,3.9,6,-0.2,-1,0,0,90,5433.1,62.4,246388,297295,343.3,320.5,121.9,4268767.0,8.4-19.5-2.5-3.9-6.0--0.2--1.0-0.0-0.0-0.9_0__Perspective.png,8.4-19.5-2.5-3.9-6.0--0.2--1.0-0.0-0.0-0.9.json
8.6-15.1-2.7-3.5-5.5--1.3--0.3-0.0-0.0-0.3,8.6,15.1,2.7,3.5,5.5,-1.3,-0.3,0,0,30,4220.8,72.3,198059,230850,321.5,300.1,149.3,3253761.0,8.6-15.1-2.7-3.5-5.5--1.3--0.3-0.0-0.0-0.3_0__Perspective.png,8.6-15.1-2.7-3.5-5.5--1.3--0.3-0.0-0.0-0.3.json
7.2-17.1-3.1-3.3-4.2--0.6--0.8-0.0-0.0-0.4,7.2,17.1,3.1,3.3,4.2,-0.6,-0.8,0,0,40,4033,50.9,171915,207201,279.7,261.1,121.0,2668871.0,7.2-17.1-3.1-3.3-4.2--0.6--0.8-0.0-0.0-0.4_0__Perspective.png,7.2-17.1-3.1-3.3-4.2--0.6--0.8-0.0-0.0-0.4.json
8.6-19.6-2.8-4.7-6.2-0.8-0.5-1.0-1.0-0.9,8.6,19.6,2.8,4.7,6.2,0.8,0.5,1,1,90,5363.5,68,238862,330262,439.3,128.9,140.3,3800318.6,8.6-19.6-2.8-4.7-6.2-0.8-0.5-1.0-1.0-0.9_0__Perspective.png,8.6-19.6-2.8-4.7-6.2-0.8-0.5-1.0-1.0-0.9.json
8.1-16.5-2.5-5.2-4.2-1.6-0.7-0.0-2.0-0.4,8.1,16.5,2.5,5.2,4.2,1.6,0.7,0,2,40,4422.2,44.7,169980,237216,302.9,282.7,200.3,3475552.0,8.1-16.5-2.5-5.2-4.2-1.6-0.7-0.0-2.0-0.4_0__Perspective.png,8.1-16.5-2.5-5.2-4.2-1.6-0.7-0.0-2.0-0.4.json
8.3-18.7-2.8-3.0-5.6--0.5--0.1-0.0-0.0-0.1,8.3,18.7,2.8,3,5.6,-0.5,-0.1,0,0,10,4841.2,84.7,243501,271243,293.9,274.4,164.2,3546650.0,8.3-18.7-2.8-3.0-5.6--0.5--0.1-0.0-0.0-0.1_0__Perspective.png,8.3-18.7-2.8-3.0-5.6--0.5--0.1-0.0-0.0-0.1.json
8.6-16.7-3.2-4.1-6.4--1.8--0.6-0.0-1.0-0.3,8.6,16.7,3.2,4.1,6.4,-1.8,-0.6,0,1,30,4762.1,89.8,215834,291488,334.0,311.8,181.1,3937435.0,8.6-16.7-3.2-4.1-6.4--1.8--0.6-0.0-1.0-0.3_0__Perspective.png,8.6-16.7-3.2-4.1-6.4--1.8--0.6-0.0-1.0-0.3.json
8.0-16.6-3.0-4.2-5.1-0.2--0.8-0.0-1.0-0.0,8,16.6,3,4.2,5.1,0.2,-0.8,0,1,0,4199.7,78.6,187827,252664,290.6,271.4,177.2,3104400.0,8.0-16.6-3.0-4.2-5.1-0.2--0.8-0.0-1.0-0.0_0__Perspective.png,8.0-16.6-3.0-4.2-5.1-0.2--0.8-0.0-1.0-0.0.json
6.5-15.4-3.0-3.1-5.5--0.8-0.6-0.0-0.0-0.5,6.5,15.4,3,3.1,5.5,-0.8,0.6,0,0,50,3240.6,93,169205,188262,302.3,282.3,171.8,2451109.1,6.5-15.4-3.0-3.1-5.5--0.8-0.6-0.0-0.0-0.5_0__Perspective.png,6.5-15.4-3.0-3.1-5.5--0.8-0.6-0.0-0.0-0.5.json
7.9-15.8-2.7-4.0-4.3-0.5-0.7-0.0-1.0-0.0,7.9,15.8,2.7,4,4.3,0.5,0.7,0,1,0,4000.5,59.9,164152,226632,279.2,260.7,151.1,2764210.0,7.9-15.8-2.7-4.0-4.3-0.5-0.7-0.0-1.0-0.0_0__Perspective.png,7.9-15.8-2.7-4.0-4.3-0.5-0.7-0.0-1.0-0.0.json
8.5-17.1-3.1-4.1-6.2-1.6--0.4-0.0-1.0-0.0,8.5,17.1,3.1,4.1,6.2,1.6,-0.4,0,1,0,4719.7,94.6,219206,292771,308.8,288.3,199.4,3759030.0,8.5-17.1-3.1-4.1-6.2-1.6--0.4-0.0-1.0-0.0_0__Perspective.png,8.5-17.1-3.1-4.1-6.2-1.6--0.4-0.0-1.0-0.0.json
6.2-15.4-2.7-3.1-5.5-0.9--0.6-1.0-1.0-0.6,6.2,15.4,2.7,3.1,5.5,0.9,-0.6,1,1,60,3130.2,94.5,150176,199486,347.3,121.2,186.3,2049561.5,6.2-15.4-2.7-3.1-5.5-0.9--0.6-1.0-1.0-0.6_0__Perspective.png,6.2-15.4-2.7-3.1-5.5-0.9--0.6-1.0-1.0-0.6.json
6.6-15.0-2.7-3.3-4.3--1.2-0.5-0.0-0.0-0.8,6.6,15,2.7,3.3,4.3,-1.2,0.5,0,0,80,3238.6,50.9,144977,172459,297.1,277.4,117.6,2241339.4,6.6-15.0-2.7-3.3-4.3--1.2-0.5-0.0-0.0-0.8_0__Perspective.png,6.6-15.0-2.7-3.3-4.3--1.2-0.5-0.0-0.0-0.8.json
8.4-15.9-3.4-4.0-4.6--1.2--0.5-0.0-1.0-0.4,8.4,15.9,3.4,4,4.6,-1.2,-0.5,0,1,40,4257,52.8,175379,242600,316.4,295.4,134.2,3175465.0,8.4-15.9-3.4-4.0-4.6--1.2--0.5-0.0-1.0-0.4_0__Perspective.png,8.4-15.9-3.4-4.0-4.6--1.2--0.5-0.0-1.0-0.4.json
7.9-18.0-2.9-3.2-5.8-0.2--0.7-1.0-1.0-0.6,7.9,18,2.9,3.2,5.8,0.2,-0.7,1,1,60,4590.4,83.5,212064,279854,314.5,107.7,158.5,2665863.8,7.9-18.0-2.9-3.2-5.8-0.2--0.7-1.0-1.0-0.6_0__Perspective.png,7.9-18.0-2.9-3.2-5.8-0.2--0.7-1.0-1.0-0.6.json
6.8-17.5-2.6-5.4-5.0--0.1-0.8-1.0-2.0-0.4,6.8,17.5,2.6,5.4,5,-0.1,0.8,1,2,40,3709.1,84.6,176782,230946,344.5,108.9,287.3,2747243.9,6.8-17.5-2.6-5.4-5.0--0.1-0.8-1.0-2.0-0.4_0__Perspective.png,6.8-17.5-2.6-5.4-5.0--0.1-0.8-1.0-2.0-0.4.json
7.8-15.2-3.0-4.3-5.7-1.6--0.4-0.0-1.0-0.9,7.8,15.2,3,4.3,5.7,1.6,-0.4,0,1,90,3811.2,66.7,172080,236654,362.6,338.5,141.7,3212155.0,7.8-15.2-3.0-4.3-5.7-1.6--0.4-0.0-1.0-0.9_0__Perspective.png,7.8-15.2-3.0-4.3-5.7-1.6--0.4-0.0-1.0-0.9.json
8.9-18.8-3.4-3.6-4.9-0.3--0.8-0.0-1.0-0.7,8.9,18.8,3.4,3.6,4.9,0.3,-0.8,0,1,70,5381.8,44.3,217061,300847,331.3,309.3,116.0,4071430.0,8.9-18.8-3.4-3.6-4.9-0.3--0.8-0.0-1.0-0.7_0__Perspective.png,8.9-18.8-3.4-3.6-4.9-0.3--0.8-0.0-1.0-0.7.json
7.3-17.4-3.4-4.0-5.3--1.3--0.9-0.0-2.0-0.7,7.3,17.4,3.4,4,5.3,-1.3,-0.9,0,2,70,4205,66,180966,247937,317.7,296.6,243.9,3608852.0,7.3-17.4-3.4-4.0-5.3--1.3--0.9-0.0-2.0-0.7_0__Perspective.png,7.3-17.4-3.4-4.0-5.3--1.3--0.9-0.0-2.0-0.7.json
8.4-15.3-2.7-4.7-6.0-1.8--0.1-1.0-2.0-0.8,8.4,15.3,2.7,4.7,6,1.8,-0.1,1,2,80,4101.8,68.9,184332,257298,577.6,143.2,245.3,3962564.8,8.4-15.3-2.7-4.7-6.0-1.8--0.1-1.0-2.0-0.8_0__Perspective.png,8.4-15.3-2.7-4.7-6.0-1.8--0.1-1.0-2.0-0.8.json
6.2-16.8-2.7-3.5-5.9-1.7-0.6-0.0-0.0-0.8,6.2,16.8,2.7,3.5,5.9,1.7,0.6,0,0,80,3501.1,95.8,183117,202568,315.2,294.3,165.0,2711230.0,6.2-16.8-2.7-3.5-5.9-1.7-0.6-0.0-0.0-0.8_0__Perspective.png,6.2-16.8-2.7-3.5-5.9-1.7-0.6-0.0-0.0-0.8.json
6.3-19.9-2.8-4.3-5.2--1.2--1.0-0.0-1.0-0.5,6.3,19.9,2.8,4.3,5.2,-1.2,-1,0,1,50,4256.8,83,187403,249937,277.7,259.2,167.0,2996455.0,6.3-19.9-2.8-4.3-5.2--1.2--1.0-0.0-1.0-0.5_0__Perspective.png,6.3-19.9-2.8-4.3-5.2--1.2--1.0-0.0-1.0-0.5.json
6.7-19.8-3.3-5.9-5.6--0.7--0.2-1.0-2.0-0.3,6.7,19.8,3.3,5.9,5.6,-0.7,-0.2,1,2,30,3826.3,97.4,206736,265871,478.9,117.0,354.1,3635012.0,6.7-19.8-3.3-5.9-5.6--0.7--0.2-1.0-2.0-0.3_0__Perspective.png,6.7-19.8-3.3-5.9-5.6--0.7--0.2-1.0-2.0-0.3.json
7.7-18.7-2.5-4.5-5.2-1.1--0.6-0.0-1.0-0.6,7.7,18.7,2.5,4.5,5.2,1.1,-0.6,0,1,60,4704.4,61.2,202727,272809,310.4,289.8,142.8,3495410.0,7.7-18.7-2.5-4.5-5.2-1.1--0.6-0.0-1.0-0.6_0__Perspective.png,7.7-18.7-2.5-4.5-5.2-1.1--0.6-0.0-1.0-0.6.json
6.3-17.0-3.4-4.1-6.4--1.0-0.8-0.0-1.0-0.4,6.3,17,3.4,4.1,6.4,-1,0.8,0,1,40,3439.5,99.6,182809,236328,316.7,295.7,229.3,2894830.0,6.3-17.0-3.4-4.1-6.4--1.0-0.8-0.0-1.0-0.4_0__Perspective.png,6.3-17.0-3.4-4.1-6.4--1.0-0.8-0.0-1.0-0.4.json
7.7-18.7-3.0-5.7-5.8-1.5-0.7-0.0-1.0-0.7,7.7,18.7,3,5.7,5.8,1.5,0.7,0,1,70,4626.6,75.1,210616,284452,337.5,315.1,156.2,3742245.0,7.7-18.7-3.0-5.7-5.8-1.5-0.7-0.0-1.0-0.7_0__Perspective.png,7.7-18.7-3.0-5.7-5.8-1.5-0.7-0.0-1.0-0.7.json
7.1-19.3-3.4-5.8-4.4--0.8-0.6-0.0-1.0-0.8,7.1,19.3,3.4,5.8,4.4,-0.8,0.6,0,1,80,4156.6,52.8,184074,248687,311.0,290.3,130.1,3040265.0,7.1-19.3-3.4-5.8-4.4--0.8-0.6-0.0-1.0-0.8_0__Perspective.png,7.1-19.3-3.4-5.8-4.4--0.8-0.6-0.0-1.0-0.8.json
7.0-16.5-3.3-4.7-5.1-0.8--0.3-0.0-2.0-0.2,7,16.5,3.3,4.7,5.1,0.8,-0.3,0,2,20,3447.1,86.7,171567,225605,297.4,277.6,323.0,3095807.2,7.0-16.5-3.3-4.7-5.1-0.8--0.3-0.0-2.0-0.2_0__Perspective.png,7.0-16.5-3.3-4.7-5.1-0.8--0.3-0.0-2.0-0.2.json
7.0-16.3-3.3-3.3-4.2--0.4-0.9-0.0-0.0-0.5,7,16.3,3.3,3.3,4.2,-0.4,0.9,0,0,50,3713.4,49.9,161941,193425,285.0,266.0,121.5,2497261.8,7.0-16.3-3.3-3.3-4.2--0.4-0.9-0.0-0.0-0.5_0__Perspective.png,7.0-16.3-3.3-3.3-4.2--0.4-0.9-0.0-0.0-0.5.json
7.0-19.2-3.4-3.1-5.6-1.9--1.0-0.0-0.0-0.6,7,19.2,3.4,3.1,5.6,1.9,-1,0,0,60,4697.9,79.4,216944,245925,295.8,276.2,142.3,3355784.0,7.0-19.2-3.4-3.1-5.6-1.9--1.0-0.0-0.0-0.6_0__Perspective.png,7.0-19.2-3.4-3.1-5.6-1.9--1.0-0.0-0.0-0.6.json
7.6-19.4-2.9-4.9-5.3-1.7-0.1-0.0-0.0-0.0,7.6,19.4,2.9,4.9,5.3,1.7,0.1,0,0,0,4615.9,87.3,233566,256929,283.5,264.7,168.2,3306557.0,7.6-19.4-2.9-4.9-5.3-1.7-0.1-0.0-0.0-0.0_0__Perspective.png,7.6-19.4-2.9-4.9-5.3-1.7-0.1-0.0-0.0-0.0.json
7.8-16.2-2.9-5.0-6.1-1.4-0.1-0.0-2.0-0.7,7.8,16.2,2.9,5,6.1,1.4,0.1,0,2,70,3877.1,79.1,191963,256997,360.8,336.8,288.1,3821992.0,7.8-16.2-2.9-5.0-6.1-1.4-0.1-0.0-2.0-0.7_0__Perspective.png,7.8-16.2-2.9-5.0-6.1-1.4-0.1-0.0-2.0-0.7.json
6.1-15.3-2.8-4.1-6.1-1.3--0.6-0.0-1.0-0.4,6.1,15.3,2.8,4.1,6.1,1.3,-0.6,0,1,40,3011.1,98.9,158655,206116,313.4,292.6,227.8,2510813.9,6.1-15.3-2.8-4.1-6.1-1.3--0.6-0.0-1.0-0.4_0__Perspective.png,6.1-15.3-2.8-4.1-6.1-1.3--0.6-0.0-1.0-0.4.json
8.8-15.4-3.2-3.4-5.9--1.2-0.1-0.0-1.0-0.1,8.8,15.4,3.2,3.4,5.9,-1.2,0.1,0,1,10,4276,88.5,198370,268371,319.7,298.5,190.8,3459175.0,8.8-15.4-3.2-3.4-5.9--1.2-0.1-0.0-1.0-0.1_0__Perspective.png,8.8-15.4-3.2-3.4-5.9--1.2-0.1-0.0-1.0-0.1.json
7.3-17.3-2.9-5.6-4.8--1.7-0.1-0.0-0.0-0.7,7.3,17.3,2.9,5.6,4.8,-1.7,0.1,0,0,70,3856.9,64,188654,219453,322.2,300.8,131.6,2910501.0,7.3-17.3-2.9-5.6-4.8--1.7-0.1-0.0-0.0-0.7_0__Perspective.png,7.3-17.3-2.9-5.6-4.8--1.7-0.1-0.0-0.0-0.7.json
7.7-19.2-3.1-3.2-4.7--0.7-0.4-0.0-1.0-0.6,7.7,19.2,3.1,3.2,4.7,-0.7,0.4,0,1,60,4720.4,55.2,200408,269336,298.9,279.0,131.6,3348680.0,7.7-19.2-3.1-3.2-4.7--0.7-0.4-0.0-1.0-0.6_0__Perspective.png,7.7-19.2-3.1-3.2-4.7--0.7-0.4-0.0-1.0-0.6.json
7.2-18.1-2.8-3.3-6.3-0.5--0.6-1.0-0.0-0.5,7.2,18.1,2.8,3.3,6.3,0.5,-0.6,1,0,50,4214.4,98.8,229117,246375,338.4,110.4,176.0,2633003.1,7.2-18.1-2.8-3.3-6.3-0.5--0.6-1.0-0.0-0.5_0__Perspective.png,7.2-18.1-2.8-3.3-6.3-0.5--0.6-1.0-0.0-0.5.json
7.5-19.4-2.8-3.4-4.1-1.2-0.4-0.0-2.0-0.6,7.5,19.4,2.8,3.4,4.1,1.2,0.4,0,2,60,4742.1,44.1,187988,255474,285.4,266.4,191.3,3524188.0,7.5-19.4-2.8-3.4-4.1-1.2-0.4-0.0-2.0-0.6_0__Perspective.png,7.5-19.4-2.8-3.4-4.1-1.2-0.4-0.0-2.0-0.6.json
7.2-19.9-3.1-3.2-5.1-0.9--0.8-0.0-2.0-0.6,7.2,19.9,3.1,3.2,5.1,0.9,-0.8,0,2,60,4787.8,64.7,204202,272327,290.6,271.3,239.7,3837572.0,7.2-19.9-3.1-3.2-5.1-0.9--0.8-0.0-2.0-0.6_0__Perspective.png,7.2-19.9-3.1-3.2-5.1-0.9--0.8-0.0-2.0-0.6.json
7.8-16.5-3.0-5.6-5.2--1.0--0.1-1.0-1.0-0.6,7.8,16.5,3,5.6,5.2,-1,-0.1,1,1,60,3805.2,67.6,180971,245433,561.7,128.5,159.0,3231674.8,7.8-16.5-3.0-5.6-5.2--1.0--0.1-1.0-1.0-0.6_0__Perspective.png,7.8-16.5-3.0-5.6-5.2--1.0--0.1-1.0-1.0-0.6.json
7.2-17.4-3.3-5.2-4.8-0.1-0.1-1.0-2.0-0.5,7.2,17.4,3.3,5.2,4.8,0.1,0.1,1,2,50,3518.6,73.5,181178,235298,475.9,119.6,283.0,3090834.4,7.2-17.4-3.3-5.2-4.8-0.1-0.1-1.0-2.0-0.5_0__Perspective.png,7.2-17.4-3.3-5.2-4.8-0.1-0.1-1.0-2.0-0.5.json
8.3-18.9-3.1-3.8-4.1--1.2-0.4-0.0-0.0-0.2,8.3,18.9,3.1,3.8,4.1,-1.2,0.4,0,0,20,5051.8,46.3,210110,253662,288.2,269.1,112.4,3383144.0,8.3-18.9-3.1-3.8-4.1--1.2-0.4-0.0-0.0-0.2_0__Perspective.png,8.3-18.9-3.1-3.8-4.1--1.2-0.4-0.0-0.0-0.2.json
8.9-16.8-3.0-5.8-4.0-0.0-0.0-0.0-1.0-0.7,8.9,16.8,3,5.8,4,0,0,0,1,70,4227.8,36.7,182818,254675,338.3,315.8,109.2,3227170.0,8.9-16.8-3.0-5.8-4.0-0.0-0.0-0.0-1.0-0.7_0__Perspective.png,8.9-16.8-3.0-5.8-4.0-0.0-0.0-0.0-1.0-0.7.json
8.7-15.4-2.8-5.6-6.0-1.4-0.3-1.0-1.0-0.9,8.7,15.4,2.8,5.6,6,1.4,0.3,1,1,90,4178.7,66.4,188651,265559,485.4,156.8,138.5,3262794.3,8.7-15.4-2.8-5.6-6.0-1.4-0.3-1.0-1.0-0.9_0__Perspective.png,8.7-15.4-2.8-5.6-6.0-1.4-0.3-1.0-1.0-0.9.json
7.4-16.8-2.6-4.2-4.1--1.0--0.8-1.0-0.0-0.2,7.4,16.8,2.6,4.2,4.1,-1,-0.8,1,0,20,4109.8,51.9,169278,207508,308.6,78.9,122.9,2097946.9,7.4-16.8-2.6-4.2-4.1--1.0--0.8-1.0-0.0-0.2_0__Perspective.png,7.4-16.8-2.6-4.2-4.1--1.0--0.8-1.0-0.0-0.2.json
6.9-15.1-2.5-4.1-4.4-0.9--0.4-1.0-2.0-0.1,6.9,15.1,2.5,4.1,4.4,0.9,-0.4,1,2,10,3291.4,72.8,145136,196387,301.7,84.5,281.4,2197382.8,6.9-15.1-2.5-4.1-4.4-0.9--0.4-1.0-2.0-0.1_0__Perspective.png,6.9-15.1-2.5-4.1-4.4-0.9--0.4-1.0-2.0-0.1.json
8.2-16.1-3.0-5.3-4.1--1.6--0.2-0.0-1.0-0.7,8.2,16.1,3,5.3,4.1,-1.6,-0.2,0,1,70,4100.3,39.4,166620,231086,325.4,303.8,110.1,3031600.0,8.2-16.1-3.0-5.3-4.1--1.6--0.2-0.0-1.0-0.7_0__Perspective.png,8.2-16.1-3.0-5.3-4.1--1.6--0.2-0.0-1.0-0.7.json
8.8-15.7-2.8-5.0-4.5--1.0--0.7-1.0-2.0-0.9,8.8,15.7,2.8,5,4.5,-1,-0.7,1,2,90,4431.3,37.2,169410,247097,432.3,120.7,166.3,3187981.9,8.8-15.7-2.8-5.0-4.5--1.0--0.7-1.0-2.0-0.9_0__Perspective.png,8.8-15.7-2.8-5.0-4.5--1.0--0.7-1.0-2.0-0.9.json
7.3-19.2-2.5-4.8-6.3-1.0--0.9-0.0-0.0-0.3,7.3,19.2,2.5,4.8,6.3,1,-0.9,0,0,30,4669.4,98.8,240262,263062,303.2,283.0,177.9,3568062.0,7.3-19.2-2.5-4.8-6.3-1.0--0.9-0.0-0.0-0.3_0__Perspective.png,7.3-19.2-2.5-4.8-6.3-1.0--0.9-0.0-0.0-0.3.json
8.6-15.2-3.4-4.3-5.7-1.1--0.4-0.0-0.0-0.0,8.6,15.2,3.4,4.3,5.7,1.1,-0.4,0,0,0,4077.6,90.9,205322,234511,315.9,295.0,180.5,3227102.0,8.6-15.2-3.4-4.3-5.7-1.1--0.4-0.0-0.0-0.0_0__Perspective.png,8.6-15.2-3.4-4.3-5.7-1.1--0.4-0.0-0.0-0.0.json
8.1-18.7-2.9-3.5-5.1--0.8--0.2-0.0-2.0-0.9,8.1,18.7,2.9,3.5,5.1,-0.8,-0.2,0,2,90,4763.7,50.9,206963,280849,330.1,308.2,206.3,4023980.0,8.1-18.7-2.9-3.5-5.1--0.8--0.2-0.0-2.0-0.9_0__Perspective.png,8.1-18.7-2.9-3.5-5.1--0.8--0.2-0.0-2.0-0.9.json
8.2-15.3-3.0-5.2-4.2-1.7--0.4-1.0-0.0-0.2,8.2,15.3,3,5.2,4.2,1.7,-0.4,1,0,20,3980.6,51.2,168558,209426,385.6,88.9,125.1,2386750.2,8.2-15.3-3.0-5.2-4.2-1.7--0.4-1.0-0.0-0.2_0__Perspective.png,8.2-15.3-3.0-5.2-4.2-1.7--0.4-1.0-0.0-0.2.json
7.1-19.9-2.5-5.8-6.0-1.7-0.6-1.0-1.0-0.4,7.1,19.9,2.5,5.8,6,1.7,0.6,1,1,40,4609,97.6,217751,287323,376.0,109.3,186.5,3096259.6,7.1-19.9-2.5-5.8-6.0-1.7-0.6-1.0-1.0-0.4_0__Perspective.png,7.1-19.9-2.5-5.8-6.0-1.7-0.6-1.0-1.0-0.4.json
7.0-19.4-3.4-5.2-5.0-1.7-0.7-1.0-1.0-0.6,7,19.4,3.4,5.2,5,1.7,0.7,1,1,60,4362.8,66.9,190983,259001,369.2,111.4,150.9,2755050.2,7.0-19.4-3.4-5.2-5.0-1.7-0.7-1.0-1.0-0.6_0__Perspective.png,7.0-19.4-3.4-5.2-5.0-1.7-0.7-1.0-1.0-0.6.json
7.9-16.5-2.8-5.7-5.9--1.3-0.3-1.0-2.0-0.7,7.9,16.5,2.8,5.7,5.9,-1.3,0.3,1,2,70,4016.4,75.9,191386,260673,569.4,141.4,273.8,3954451.7,7.9-16.5-2.8-5.7-5.9--1.3-0.3-1.0-2.0-0.7_0__Perspective.png,7.9-16.5-2.8-5.7-5.9--1.3-0.3-1.0-2.0-0.7.json
8.1-16.9-2.9-4.6-6.4-1.2--0.3-1.0-1.0-0.1,8.1,16.9,2.9,4.6,6.4,1.2,-0.3,1,1,10,4299.9,98.6,212187,281903,517.3,96.6,213.5,3557911.0,8.1-16.9-2.9-4.6-6.4-1.2--0.3-1.0-1.0-0.1_0__Perspective.png,8.1-16.9-2.9-4.6-6.4-1.2--0.3-1.0-1.0-0.1.json
7.5-18.3-2.5-4.9-6.3--1.6--0.4-0.0-0.0-0.6,7.5,18.3,2.5,4.9,6.3,-1.6,-0.4,0,0,60,4448.3,94.3,232074,257779,331.3,309.3,163.6,3577511.0,7.5-18.3-2.5-4.9-6.3--1.6--0.4-0.0-0.0-0.6_0__Perspective.png,7.5-18.3-2.5-4.9-6.3--1.6--0.4-0.0-0.0-0.6.json
8.7-18.4-2.7-3.0-6.4-0.0-0.1-0.0-2.0-0.8,8.7,18.4,2.7,3,6.4,0,0.1,0,2,80,4907.5,72.8,236377,317946,355.6,332.0,259.4,4647748.0,8.7-18.4-2.7-3.0-6.4-0.0-0.1-0.0-2.0-0.8_0__Perspective.png,8.7-18.4-2.7-3.0-6.4-0.0-0.1-0.0-2.0-0.8.json
8.2-19.3-2.6-3.4-4.3-1.2--0.7-0.0-1.0-0.9,8.2,19.3,2.6,3.4,4.3,1.2,-0.7,0,1,90,5321.7,36,199284,276747,310.3,289.7,96.4,3706010.0,8.2-19.3-2.6-3.4-4.3-1.2--0.7-0.0-1.0-0.9_0__Perspective.png,8.2-19.3-2.6-3.4-4.3-1.2--0.7-0.0-1.0-0.9.json
6.4-18.9-3.2-5.4-5.7-1.2-0.8-0.0-0.0-0.8,6.4,18.9,3.2,5.4,5.7,1.2,0.8,0,0,80,3841.9,91.7,203044,228377,324.8,303.2,162.5,3037023.0,6.4-18.9-3.2-5.4-5.7-1.2-0.8-0.0-0.0-0.8_0__Perspective.png,6.4-18.9-3.2-5.4-5.7-1.2-0.8-0.0-0.0-0.8.json
7.5-16.6-2.7-5.1-4.6--0.2-0.2-0.0-1.0-0.4,7.5,16.6,2.7,5.1,4.6,-0.2,0.2,0,1,40,3658.1,63.1,171686,229753,306.9,286.5,157.3,2746035.0,7.5-16.6-2.7-5.1-4.6--0.2-0.2-0.0-1.0-0.4_0__Perspective.png,7.5-16.6-2.7-5.1-4.6--0.2-0.2-0.0-1.0-0.4.json
8.9-18.7-2.7-3.0-4.0-1.6-0.7-1.0-1.0-0.1,8.9,18.7,2.7,3,4,1.6,0.7,1,1,10,5695.6,35,199401,284173,335.9,61.9,111.2,2899491.5,8.9-18.7-2.7-3.0-4.0-1.6-0.7-1.0-1.0-0.1_0__Perspective.png,8.9-18.7-2.7-3.0-4.0-1.6-0.7-1.0-1.0-0.1.json
8.2-16.3-3.4-3.0-6.0--0.3-0.7-0.0-2.0-0.1,8.2,16.3,3.4,3,6,-0.3,0.7,0,2,10,4278.6,92.9,201392,268606,306.5,286.1,328.1,3938904.0,8.2-16.3-3.4-3.0-6.0--0.3-0.7-0.0-2.0-0.1_0__Perspective.png,8.2-16.3-3.4-3.0-6.0--0.3-0.7-0.0-2.0-0.1.json
7.0-19.9-3.0-3.3-5.6--0.3-0.2-0.0-1.0-0.6,7,19.9,3,3.3,5.6,-0.3,0.2,0,1,60,4285.3,87.8,212845,275430,301.2,281.2,175.9,3249960.0,7.0-19.9-3.0-3.3-5.6--0.3-0.2-0.0-1.0-0.6_0__Perspective.png,7.0-19.9-3.0-3.3-5.6--0.3-0.2-0.0-1.0-0.6.json
8.6-19.3-2.7-3.4-5.8-1.1-0.6-0.0-2.0-0.7,8.6,19.3,2.7,3.4,5.8,1.1,0.6,0,2,70,5506.7,60.5,233157,317966,331.6,309.6,227.7,4784944.0,8.6-19.3-2.7-3.4-5.8-1.1-0.6-0.0-2.0-0.7_0__Perspective.png,8.6-19.3-2.7-3.4-5.8-1.1-0.6-0.0-2.0-0.7.json
8.8-19.4-3.4-3.8-6.4--1.3-0.9-0.0-1.0-0.8,8.8,19.4,3.4,3.8,6.4,-1.3,0.9,0,1,80,5715.1,66.6,246773,337517,354.8,331.3,140.5,4724365.0,8.8-19.4-3.4-3.8-6.4--1.3-0.9-0.0-1.0-0.8_0__Perspective.png,8.8-19.4-3.4-3.8-6.4--1.3-0.9-0.0-1.0-0.8.json
6.1-19.2-2.7-4.4-6.3-1.0--0.7-1.0-1.0-0.0,6.1,19.2,2.7,4.4,6.3,1,-0.7,1,1,0,3819.8,99.5,201517,256316,330.1,92.0,247.4,2557887.2,6.1-19.2-2.7-4.4-6.3-1.0--0.7-1.0-1.0-0.0_0__Perspective.png,6.1-19.2-2.7-4.4-6.3-1.0--0.7-1.0-1.0-0.0.json
7.0-15.9-3.0-4.3-4.6--0.8--0.7-0.0-2.0-0.4,7,15.9,3,4.3,4.6,-0.8,-0.7,0,2,40,3536.9,64.9,154420,210513,294.0,274.5,258.2,2923941.0,7.0-15.9-3.0-4.3-4.6--0.8--0.7-0.0-2.0-0.4_0__Perspective.png,7.0-15.9-3.0-4.3-4.6--0.8--0.7-0.0-2.0-0.4.json
8.7-18.7-2.9-4.2-4.2-0.9--0.8-1.0-0.0-0.6,8.7,18.7,2.9,4.2,4.2,0.9,-0.8,1,0,60,5346,37.9,207090,265047,371.9,88.4,94.5,2966091.7,8.7-18.7-2.9-4.2-4.2-0.9--0.8-1.0-0.0-0.6_0__Perspective.png,8.7-18.7-2.9-4.2-4.2-0.9--0.8-1.0-0.0-0.6.json
6.9-15.9-2.6-5.5-5.3--0.3--0.6-0.0-2.0-0.2,6.9,15.9,2.6,5.5,5.3,-0.3,-0.6,0,2,20,3327.4,94.5,165591,219647,302.8,282.7,336.9,3069267.5,6.9-15.9-2.6-5.5-5.3--0.3--0.6-0.0-2.0-0.2_0__Perspective.png,6.9-15.9-2.6-5.5-5.3--0.3--0.6-0.0-2.0-0.2.json
8.1-17.3-2.5-3.3-4.6--1.5--0.8-1.0-2.0-0.5,8.1,17.3,2.5,3.3,4.6,-1.5,-0.8,1,2,50,4815.1,44.9,180595,254271,354.3,86.6,201.5,3093005.3,8.1-17.3-2.5-3.3-4.6--1.5--0.8-1.0-2.0-0.5_0__Perspective.png,8.1-17.3-2.5-3.3-4.6--1.5--0.8-1.0-2.0-0.5.json
6.0-18.0-3.4-3.5-4.3-1.4-0.1-0.0-2.0-0.1,6,18,3.4,3.5,4.3,1.4,0.1,0,2,10,3316.6,73.7,158370,204701,252.0,235.3,299.8,2610121.8,6.0-18.0-3.4-3.5-4.3-1.4-0.1-0.0-2.0-0.1_0__Perspective.png,6.0-18.0-3.4-3.5-4.3-1.4-0.1-0.0-2.0-0.1.json
8.5-19.3-3.1-4.6-6.2-1.0--0.8-0.0-1.0-0.8,8.5,19.3,3.1,4.6,6.2,1,-0.8,0,1,80,5348.6,69.3,237549,323254,352.2,328.9,144.4,4415160.0,8.5-19.3-3.1-4.6-6.2-1.0--0.8-0.0-1.0-0.8_0__Perspective.png,8.5-19.3-3.1-4.6-6.2-1.0--0.8-0.0-1.0-0.8.json
7.5-18.8-2.5-3.2-5.0--0.7-0.3-0.0-1.0-0.9,7.5,18.8,2.5,3.2,5,-0.7,0.3,0,1,90,4512.3,57.1,196601,264083,312.5,291.7,128.5,3306105.0,7.5-18.8-2.5-3.2-5.0--0.7-0.3-0.0-1.0-0.9_0__Perspective.png,7.5-18.8-2.5-3.2-5.0--0.7-0.3-0.0-1.0-0.9.json
7.8-17.3-3.1-3.7-5.8-1.8-0.6-1.0-0.0-0.6,7.8,17.3,3.1,3.7,5.8,1.8,0.6,1,0,60,4511.2,76.6,211368,246799,405.1,112.6,142.4,2978006.3,7.8-17.3-3.1-3.7-5.8-1.8-0.6-1.0-0.0-0.6_0__Perspective.png,7.8-17.3-3.1-3.7-5.8-1.8-0.6-1.0-0.0-0.6.json
6.9-18.8-3.3-5.7-5.4-0.0--0.5-1.0-1.0-0.4,6.9,18.8,3.3,5.7,5.4,0,-0.5,1,1,40,3774.7,91.7,194308,256069,319.6,120.0,194.6,2393916.5,6.9-18.8-3.3-5.7-5.4-0.0--0.5-1.0-1.0-0.4_0__Perspective.png,6.9-18.8-3.3-5.7-5.4-0.0--0.5-1.0-1.0-0.4.json
8.4-19.1-2.6-3.2-5.4--0.5-0.8-0.0-0.0-0.9,8.4,19.1,2.6,3.2,5.4,-0.5,0.8,0,0,90,5325.8,52.1,233396,281079,331.4,309.4,109.7,3997426.0,8.4-19.1-2.6-3.2-5.4--0.5-0.8-0.0-0.0-0.9_0__Perspective.png,8.4-19.1-2.6-3.2-5.4--0.5-0.8-0.0-0.0-0.9.json
6.3-19.9-3.4-4.1-6.3--1.4-0.5-1.0-0.0-0.9,6.3,19.9,3.4,4.1,6.3,-1.4,0.5,1,0,90,3999.4,99.4,225361,245018,396.7,142.5,175.4,2858060.0,6.3-19.9-3.4-4.1-6.3--1.4-0.5-1.0-0.0-0.9_0__Perspective.png,6.3-19.9-3.4-4.1-6.3--1.4-0.5-1.0-0.0-0.9.json
8.6-15.0-2.5-5.5-6.2-0.7--0.9-0.0-0.0-0.9,8.6,15,2.5,5.5,6.2,0.7,-0.9,0,0,90,4141.4,62.8,198534,242245,393.6,367.4,128.8,3685048.0,8.6-15.0-2.5-5.5-6.2-0.7--0.9-0.0-0.0-0.9_0__Perspective.png,8.6-15.0-2.5-5.5-6.2-0.7--0.9-0.0-0.0-0.9.json
7.6-16.3-2.8-4.7-5.2-1.1--0.8-0.0-0.0-0.1,7.6,16.3,2.8,4.7,5.2,1.1,-0.8,0,0,10,4035.5,85.7,191858,219475,292.9,273.4,161.8,2938260.0,7.6-16.3-2.8-4.7-5.2-1.1--0.8-0.0-0.0-0.1_0__Perspective.png,7.6-16.3-2.8-4.7-5.2-1.1--0.8-0.0-0.0-0.1.json
8.1-18.3-3.1-5.6-5.4-0.5-0.6-0.0-0.0-0.3,8.1,18.3,3.1,5.6,5.4,0.5,0.6,0,0,30,4541.4,77.3,225481,259585,318.9,297.7,154.6,3502443.0,8.1-18.3-3.1-5.6-5.4-0.5-0.6-0.0-0.0-0.3_0__Perspective.png,8.1-18.3-3.1-5.6-5.4-0.5-0.6-0.0-0.0-0.3.json
6.1-16.3-2.5-5.7-5.7--0.8--0.6-1.0-2.0-0.8,6.1,16.3,2.5,5.7,5.7,-0.8,-0.6,1,2,80,3066.1,95.1,158099,210407,418.1,158.5,321.8,2754456.0,6.1-16.3-2.5-5.7-5.7--0.8--0.6-1.0-2.0-0.8_0__Perspective.png,6.1-16.3-2.5-5.7-5.7--0.8--0.6-1.0-2.0-0.8.json
7.1-15.9-2.8-4.3-5.4--0.7-0.6-1.0-1.0-0.1,7.1,15.9,2.8,4.3,5.4,-0.7,0.6,1,1,10,3565.4,93.1,169044,226184,352.5,93.9,200.2,2305416.0,7.1-15.9-2.8-4.3-5.4--0.7-0.6-1.0-1.0-0.1_0__Perspective.png,7.1-15.9-2.8-4.3-5.4--0.7-0.6-1.0-1.0-0.1.json
7.6-19.9-2.5-3.9-4.7--1.3--0.8-0.0-1.0-0.2,7.6,19.9,2.5,3.9,4.7,-1.3,-0.8,0,1,20,5121.9,60,204860,277438,275.9,257.6,141.4,3456870.0,7.6-19.9-2.5-3.9-4.7--1.3--0.8-0.0-1.0-0.2_0__Perspective.png,7.6-19.9-2.5-3.9-4.7--1.3--0.8-0.0-1.0-0.2.json
6.5-18.5-3.3-5.6-6.2--0.4-0.0-0.0-1.0-0.2,6.5,18.5,3.3,5.6,6.2,-0.4,0,0,1,20,3319,99.9,203377,255881,319.6,298.4,262.5,2922741.5,6.5-18.5-3.3-5.6-6.2--0.4-0.0-0.0-1.0-0.2_0__Perspective.png,6.5-18.5-3.3-5.6-6.2--0.4-0.0-0.0-1.0-0.2.json
7.6-16.4-3.0-3.9-6.2--1.5-0.0-0.0-0.0-0.2,7.6,16.4,3,3.9,6.2,-1.5,0,0,0,20,3887.7,97.3,213378,233707,313.2,292.4,194.5,3110790.0,7.6-16.4-3.0-3.9-6.2--1.5-0.0-0.0-0.0-0.2_0__Perspective.png,7.6-16.4-3.0-3.9-6.2--1.5-0.0-0.0-0.0-0.2.json
8.1-15.5-3.2-5.8-4.6-0.8--0.4-0.0-2.0-0.5,8.1,15.5,3.2,5.8,4.6,0.8,-0.4,0,2,50,3720.3,57.8,166975,229848,333.3,311.2,238.8,3286392.0,8.1-15.5-3.2-5.8-4.6-0.8--0.4-0.0-2.0-0.5_0__Perspective.png,8.1-15.5-3.2-5.8-4.6-0.8--0.4-0.0-2.0-0.5.json
6.8-16.3-3.2-4.6-5.4-0.9-0.5-0.0-0.0-0.1,6.8,16.3,3.2,4.6,5.4,0.9,0.5,0,0,10,3407.5,95.6,184969,202933,291.5,272.1,192.7,2577307.0,6.8-16.3-3.2-4.6-5.4-0.9-0.5-0.0-0.0-0.1_0__Perspective.png,6.8-16.3-3.2-4.6-5.4-0.9-0.5-0.0-0.0-0.1.json
6.4-16.0-3.1-4.7-5.2-1.7--0.7-0.0-1.0-0.2,6.4,16,3.1,4.7,5.2,1.7,-0.7,0,1,20,3311.9,92.9,157478,208084,287.1,268.0,196.6,2489564.7,6.4-16.0-3.1-4.7-5.2-1.7--0.7-0.0-1.0-0.2_0__Perspective.png,6.4-16.0-3.1-4.7-5.2-1.7--0.7-0.0-1.0-0.2.json
7.0-15.3-2.5-4.4-4.0-0.2-0.8-1.0-0.0-0.4,7,15.3,2.5,4.4,4,0.2,0.8,1,0,40,3398.7,54.2,150831,180263,321.4,94.8,124.5,1837769.1,7.0-15.3-2.5-4.4-4.0-0.2-0.8-1.0-0.0-0.4_0__Perspective.png,7.0-15.3-2.5-4.4-4.0-0.2-0.8-1.0-0.0-0.4.json
6.7-19.4-3.3-5.5-5.1--1.2-0.3-0.0-1.0-0.5,6.7,19.4,3.3,5.5,5.1,-1.2,0.3,0,1,50,3902.6,78,193444,251958,303.0,282.8,176.3,2974180.0,6.7-19.4-3.3-5.5-5.1--1.2-0.3-0.0-1.0-0.5_0__Perspective.png,6.7-19.4-3.3-5.5-5.1--1.2-0.3-0.0-1.0-0.5.json
8.9-18.8-3.4-3.2-6.0-0.4-0.7-0.0-0.0-0.0,8.9,18.8,3.4,3.2,6,0.4,0.7,0,0,0,5400.6,88.1,260948,295770,304.9,284.7,167.0,4085728.0,8.9-18.8-3.4-3.2-6.0-0.4-0.7-0.0-0.0-0.0_0__Perspective.png,8.9-18.8-3.4-3.2-6.0-0.4-0.7-0.0-0.0-0.0.json
6.6-15.4-2.7-3.5-4.2--0.8--0.6-0.0-0.0-0.0,6.6,15.4,2.7,3.5,4.2,-0.8,-0.6,0,0,0,3287,71.1,151321,174800,255.0,238.0,152.5,2121828.1,6.6-15.4-2.7-3.5-4.2--0.8--0.6-0.0-0.0-0.0_0__Perspective.png,6.6-15.4-2.7-3.5-4.2--0.8--0.6-0.0-0.0-0.0.json
8.9-18.1-3.3-5.6-4.7-1.3--0.4-0.0-2.0-0.2,8.9,18.1,3.3,5.6,4.7,1.3,-0.4,0,2,20,5002.5,57,210228,287835,317.6,296.5,234.1,4243340.0,8.9-18.1-3.3-5.6-4.7-1.3--0.4-0.0-2.0-0.2_0__Perspective.png,8.9-18.1-3.3-5.6-4.7-1.3--0.4-0.0-2.0-0.2.json
7.5-19.6-2.7-5.1-4.6--2.0-0.0-0.0-0.0-0.3,7.5,19.6,2.7,5.1,4.6,-2,0,0,0,30,4623.4,63.2,215046,247631,287.6,268.5,134.1,3191517.0,7.5-19.6-2.7-5.1-4.6--2.0-0.0-0.0-0.0-0.3_0__Perspective.png,7.5-19.6-2.7-5.1-4.6--2.0-0.0-0.0-0.0-0.3.json
8.2-16.1-3.1-5.3-4.5-0.6-0.2-0.0-2.0-0.1,8.2,16.1,3.1,5.3,4.5,0.6,0.2,0,2,10,3891.4,63.8,176715,239594,303.8,283.7,268.1,3329732.0,8.2-16.1-3.1-5.3-4.5-0.6-0.2-0.0-2.0-0.1_0__Perspective.png,8.2-16.1-3.1-5.3-4.5-0.6-0.2-0.0-2.0-0.1.json
6.5-17.6-3.4-4.3-5.7--1.8--0.9-0.0-1.0-0.9,6.5,17.6,3.4,4.3,5.7,-1.8,-0.9,0,1,90,3815,83,175426,236549,327.4,305.6,161.7,3031915.0,6.5-17.6-3.4-4.3-5.7--1.8--0.9-0.0-1.0-0.9_0__Perspective.png,6.5-17.6-3.4-4.3-5.7--1.8--0.9-0.0-1.0-0.9.json
8.9-19.4-3.2-4.9-4.8--1.9--0.8-1.0-1.0-0.6,8.9,19.4,3.2,4.9,4.8,-1.9,-0.8,1,1,60,5765.2,41.6,217676,308168,384.0,95.7,113.4,3419189.1,8.9-19.4-3.2-4.9-4.8--1.9--0.8-1.0-1.0-0.6_0__Perspective.png,8.9-19.4-3.2-4.9-4.8--1.9--0.8-1.0-1.0-0.6.json
7.3-18.1-2.7-3.5-4.7-1.3-0.0-0.0-0.0-0.2,7.3,18.1,2.7,3.5,4.7,1.3,0,0,0,20,4153.5,70,199187,225942,276.1,257.7,147.0,2827552.0,7.3-18.1-2.7-3.5-4.7-1.3-0.0-0.0-0.0-0.2_0__Perspective.png,7.3-18.1-2.7-3.5-4.7-1.3-0.0-0.0-0.0-0.2.json
6.3-16.2-3.4-3.5-4.2--1.9--0.3-1.0-1.0-0.7,6.3,16.2,3.4,3.5,4.2,-1.9,-0.3,1,1,70,3275.4,54.6,140824,190342,471.2,111.1,137.5,2357757.2,6.3-16.2-3.4-3.5-4.2--1.9--0.3-1.0-1.0-0.7_0__Perspective.png,6.3-16.2-3.4-3.5-4.2--1.9--0.3-1.0-1.0-0.7.json
6.9-18.4-3.4-3.9-4.8--0.7--0.1-0.0-0.0-0.6,6.9,18.4,3.4,3.9,4.8,-0.7,-0.1,0,0,60,3796.8,65.4,195521,221023,300.3,280.4,145.1,2755925.0,6.9-18.4-3.4-3.9-4.8--0.7--0.1-0.0-0.0-0.6_0__Perspective.png,6.9-18.4-3.4-3.9-4.8--0.7--0.1-0.0-0.0-0.6.json
8.8-18.9-3.4-4.0-5.8--1.7--0.7-1.0-1.0-0.9,8.8,18.9,3.4,4,5.8,-1.7,-0.7,1,1,90,5535,58.5,225821,317967,423.3,121.3,122.9,3694712.4,8.8-18.9-3.4-4.0-5.8--1.7--0.7-1.0-1.0-0.9_0__Perspective.png,8.8-18.9-3.4-4.0-5.8--1.7--0.7-1.0-1.0-0.9.json
6.1-18.0-3.4-5.0-4.4-0.4-0.0-1.0-2.0-0.2,6.1,18,3.4,5,4.4,0.4,0,1,2,20,3028.2,86.2,164036,208519,346.4,104.7,328.5,2360661.9,6.1-18.0-3.4-5.0-4.4-0.4-0.0-1.0-2.0-0.2_0__Perspective.png,6.1-18.0-3.4-5.0-4.4-0.4-0.0-1.0-2.0-0.2.json
6.9-18.4-3.1-3.8-5.6-1.7-0.7-1.0-0.0-0.9,6.9,18.4,3.1,3.8,5.6,1.7,0.7,1,0,90,4247.8,78.5,201311,235345,364.0,126.3,136.6,2662779.8,6.9-18.4-3.1-3.8-5.6-1.7-0.7-1.0-0.0-0.9_0__Perspective.png,6.9-18.4-3.1-3.8-5.6-1.7-0.7-1.0-0.0-0.9.json
8.4-17.9-2.8-3.7-4.7-0.2--0.6-0.0-1.0-0.0,8.4,17.9,2.8,3.7,4.7,0.2,-0.6,0,1,0,4775.2,64.7,202040,272850,286.6,267.5,153.5,3379220.0,8.4-17.9-2.8-3.7-4.7-0.2--0.6-0.0-1.0-0.0_0__Perspective.png,8.4-17.9-2.8-3.7-4.7-0.2--0.6-0.0-1.0-0.0.json
6.7-17.3-3.3-4.8-5.8--0.7--0.5-1.0-1.0-0.7,6.7,17.3,3.3,4.8,5.8,-0.7,-0.5,1,1,70,3514,92.1,180191,239044,381.3,142.9,189.0,2506348.3,6.7-17.3-3.3-4.8-5.8--0.7--0.5-1.0-1.0-0.7_0__Perspective.png,6.7-17.3-3.3-4.8-5.8--0.7--0.5-1.0-1.0-0.7.json
7.5-19.5-3.2-5.1-6.4-0.5--1.0-0.0-0.0-0.8,7.5,19.5,3.2,5.1,6.4,0.5,-1,0,0,80,4703.8,88.4,243811,275930,346.2,323.2,155.0,3877927.0,7.5-19.5-3.2-5.1-6.4-0.5--1.0-0.0-0.0-0.8_0__Perspective.png,7.5-19.5-3.2-5.1-6.4-0.5--1.0-0.0-0.0-0.8.json
7.4-18.2-2.6-4.1-5.4-0.9-0.7-0.0-1.0-0.6,7.4,18.2,2.6,4.1,5.4,0.9,0.7,0,1,60,4419.1,70.4,194489,262415,308.2,287.8,153.4,3311410.0,7.4-18.2-2.6-4.1-5.4-0.9-0.7-0.0-1.0-0.6_0__Perspective.png,7.4-18.2-2.6-4.1-5.4-0.9-0.7-0.0-1.0-0.6.json
6.8-17.6-3.1-3.4-4.3-0.6-0.4-1.0-1.0-0.6,6.8,17.6,3.1,3.4,4.3,0.6,0.4,1,1,60,3753.6,52.7,162301,219566,434.1,99.5,138.1,2520834.2,6.8-17.6-3.1-3.4-4.3-0.6-0.4-1.0-1.0-0.6_0__Perspective.png,6.8-17.6-3.1-3.4-4.3-0.6-0.4-1.0-1.0-0.6.json
6.6-18.4-3.0-5.8-6.0--0.1--0.8-0.0-2.0-0.9,6.6,18.4,3,5.8,6,-0.1,-0.8,0,2,90,3696.5,91.8,190423,253746,350.8,327.5,305.6,3637292.0,6.6-18.4-3.0-5.8-6.0--0.1--0.8-0.0-2.0-0.9_0__Perspective.png,6.6-18.4-3.0-5.8-6.0--0.1--0.8-0.0-2.0-0.9.json
7.2-19.3-2.9-5.3-4.8-0.3--0.1-1.0-1.0-0.9,7.2,19.3,2.9,5.3,4.8,0.3,-0.1,1,1,90,4052.3,65.9,197586,257970,527.3,126.6,140.7,3219907.5,7.2-19.3-2.9-5.3-4.8-0.3--0.1-1.0-1.0-0.9_0__Perspective.png,7.2-19.3-2.9-5.3-4.8-0.3--0.1-1.0-1.0-0.9.json
6.9-18.9-3.1-3.5-4.3--1.9--0.8-1.0-1.0-0.9,6.9,18.9,3.1,3.5,4.3,-1.9,-0.8,1,1,90,4467,46.7,170198,237566,341.6,102.1,111.8,2481471.7,6.9-18.9-3.1-3.5-4.3--1.9--0.8-1.0-1.0-0.9_0__Perspective.png,6.9-18.9-3.1-3.5-4.3--1.9--0.8-1.0-1.0-0.9.json
7.2-17.8-3.0-3.3-4.2-0.8-0.4-1.0-1.0-0.5,7.2,17.8,3,3.3,4.2,0.8,0.4,1,1,50,4085.8,49.6,168131,230246,312.3,89.8,130.5,2176154.2,7.2-17.8-3.0-3.3-4.2-0.8-0.4-1.0-1.0-0.5_0__Perspective.png,7.2-17.8-3.0-3.3-4.2-0.8-0.4-1.0-1.0-0.5.json
8.6-18.9-2.7-3.2-6.2-0.6-0.2-0.0-2.0-0.7,8.6,18.9,2.7,3.2,6.2,0.6,0.2,0,2,70,5136.5,71.5,238020,319052,341.9,319.2,256.2,4711120.0,8.6-18.9-2.7-3.2-6.2-0.6-0.2-0.0-2.0-0.7_0__Perspective.png,8.6-18.9-2.7-3.2-6.2-0.6-0.2-0.0-2.0-0.7.json
6.5-17.1-2.9-3.3-6.1-1.3--0.6-0.0-1.0-0.4,6.5,17.1,2.9,3.3,6.1,1.3,-0.6,0,1,40,3680.9,98.1,182881,237391,297.3,277.6,206.4,2876055.0,6.5-17.1-2.9-3.3-6.1-1.3--0.6-0.0-1.0-0.4_0__Perspective.png,6.5-17.1-2.9-3.3-6.1-1.3--0.6-0.0-1.0-0.4.json
7.1-19.7-3.2-5.7-5.4--1.0--0.4-1.0-2.0-0.3,7.1,19.7,3.2,5.7,5.4,-1,-0.4,1,2,30,4242.1,86.5,206916,272747,447.7,106.3,310.2,3665603.2,7.1-19.7-3.2-5.7-5.4--1.0--0.4-1.0-2.0-0.3_0__Perspective.png,7.1-19.7-3.2-5.7-5.4--1.0--0.4-1.0-2.0-0.3.json
6.9-18.0-3.2-4.4-4.9--1.2--0.4-1.0-2.0-0.4,6.9,18,3.2,4.4,4.9,-1.2,-0.4,1,2,40,3883.8,72.9,178575,237373,443.0,102.5,275.9,3189966.0,6.9-18.0-3.2-4.4-4.9--1.2--0.4-1.0-2.0-0.4_0__Perspective.png,6.9-18.0-3.2-4.4-4.9--1.2--0.4-1.0-2.0-0.4.json
7.6-15.8-3.2-5.4-4.7-0.8--0.4-0.0-2.0-0.3,7.6,15.8,3.2,5.4,4.7,0.8,-0.4,0,2,30,3579.5,68.9,165977,224355,311.6,290.9,273.9,3137240.0,7.6-15.8-3.2-5.4-4.7-0.8--0.4-0.0-2.0-0.3_0__Perspective.png,7.6-15.8-3.2-5.4-4.7-0.8--0.4-0.0-2.0-0.3.json
7.3-18.1-2.7-3.5-4.7-1.3-0.7-0.0-1.0-0.0,7.3,18.1,2.7,3.5,4.7,1.3,0.7,0,1,0,4435.8,71.1,184000,247675,264.6,247.0,159.6,2977305.0,7.3-18.1-2.7-3.5-4.7-1.3-0.7-0.0-1.0-0.0_0__Perspective.png,7.3-18.1-2.7-3.5-4.7-1.3-0.7-0.0-1.0-0.0.json
7.9-16.6-2.7-5.2-5.6--1.4-0.0-1.0-2.0-0.6,7.9,16.6,2.7,5.2,5.6,-1.4,0,1,2,60,4012.6,73.6,189060,256857,406.3,126.3,272.4,3230424.4,7.9-16.6-2.7-5.2-5.6--1.4-0.0-1.0-2.0-0.6_0__Perspective.png,7.9-16.6-2.7-5.2-5.6--1.4-0.0-1.0-2.0-0.6.json
8.4-15.5-3.3-4.1-4.4--1.1--0.5-0.0-1.0-0.4,8.4,15.5,3.3,4.1,4.4,-1.1,-0.5,0,1,40,4128,47.2,168127,233803,315.3,294.3,129.8,3052285.0,8.4-15.5-3.3-4.1-4.4--1.1--0.5-0.0-1.0-0.4_0__Perspective.png,8.4-15.5-3.3-4.1-4.4--1.1--0.5-0.0-1.0-0.4.json
7.9-18.0-2.9-3.2-5.8-0.2--0.7-1.0-0.0-0.5,7.9,18,2.9,3.2,5.8,0.2,-0.7,1,0,50,4590.4,90.4,229756,256041,308.5,102.2,150.4,2575816.4,7.9-18.0-2.9-3.2-5.8-0.2--0.7-1.0-0.0-0.5_0__Perspective.png,7.9-18.0-2.9-3.2-5.8-0.2--0.7-1.0-0.0-0.5.json
6.3-16.2-3.3-4.9-4.4--1.0-0.0-0.0-2.0-0.6,6.3,16.2,3.3,4.9,4.4,-1,0,0,2,60,2899.7,64.6,146155,193429,305.3,285.0,280.7,2525635.9,6.3-16.2-3.3-4.9-4.4--1.0-0.0-0.0-2.0-0.6_0__Perspective.png,6.3-16.2-3.3-4.9-4.4--1.0-0.0-0.0-2.0-0.6.json
8.4-17.9-3.1-3.2-5.5-1.0-0.5-0.0-1.0-0.2,8.4,17.9,3.1,3.2,5.5,1,0.5,0,1,20,4898.5,77.6,213598,286978,302.7,282.6,163.9,3669965.0,8.4-17.9-3.1-3.2-5.5-1.0-0.5-0.0-1.0-0.2_0__Perspective.png,8.4-17.9-3.1-3.2-5.5-1.0-0.5-0.0-1.0-0.2.json
8.1-17.2-2.7-5.6-6.3--0.3--0.2-0.0-1.0-0.9,8.1,17.2,2.7,5.6,6.3,-0.3,-0.2,0,1,90,4113.8,74.8,209175,281877,384.9,359.4,163.6,3734630.0,8.1-17.2-2.7-5.6-6.3--0.3--0.2-0.0-1.0-0.9_0__Perspective.png,8.1-17.2-2.7-5.6-6.3--0.3--0.2-0.0-1.0-0.9.json
8.9-19.5-3.0-4.5-4.6--2.0--0.9-1.0-1.0-0.5,8.9,19.5,3,4.5,4.6,-2,-0.9,1,1,50,5926.8,40.4,215234,305757,383.3,86.0,110.2,3434728.7,8.9-19.5-3.0-4.5-4.6--2.0--0.9-1.0-1.0-0.5_0__Perspective.png,8.9-19.5-3.0-4.5-4.6--2.0--0.9-1.0-1.0-0.5.json
7.2-15.3-2.7-5.1-5.5-0.3--0.6-0.0-2.0-0.5,7.2,15.3,2.7,5.1,5.5,0.3,-0.6,0,2,50,3352.3,81.7,165317,221377,331.7,309.6,306.3,3176468.0,7.2-15.3-2.7-5.1-5.5-0.3--0.6-0.0-2.0-0.5_0__Perspective.png,7.2-15.3-2.7-5.1-5.5-0.3--0.6-0.0-2.0-0.5.json
8.5-18.3-2.9-3.9-5.7--0.8--0.6-0.0-1.0-0.8,8.5,18.3,2.9,3.9,5.7,-0.8,-0.6,0,1,80,5030.9,61.5,217133,298414,343.6,320.7,134.4,4018185.0,8.5-18.3-2.9-3.9-5.7--0.8--0.6-0.0-1.0-0.8_0__Perspective.png,8.5-18.3-2.9-3.9-5.7--0.8--0.6-0.0-1.0-0.8.json
7.6-16.8-2.6-4.5-5.2-1.0--0.8-0.0-0.0-0.4,7.6,16.8,2.6,4.5,5.2,1,-0.8,0,0,40,4197.1,69.5,194921,226162,305.4,285.1,143.6,3080640.0,7.6-16.8-2.6-4.5-5.2-1.0--0.8-0.0-0.0-0.4_0__Perspective.png,7.6-16.8-2.6-4.5-5.2-1.0--0.8-0.0-0.0-0.4.json
6.9-16.0-3.1-3.5-5.2--1.2--1.0-0.0-1.0-0.5,6.9,16,3.1,3.5,5.2,-1.2,-1,0,1,50,3739.5,71,160301,219455,298.8,279.0,160.4,2760735.0,6.9-16.0-3.1-3.5-5.2--1.2--1.0-0.0-1.0-0.5_0__Perspective.png,6.9-16.0-3.1-3.5-5.2--1.2--1.0-0.0-1.0-0.5.json
6.4-17.0-2.7-3.4-5.9-1.4-0.3-0.0-0.0-0.7,6.4,17,2.7,3.4,5.9,1.4,0.3,0,0,70,3515.2,96.3,191621,208720,313.4,292.6,172.3,2735609.0,6.4-17.0-2.7-3.4-5.9-1.4-0.3-0.0-0.0-0.7_0__Perspective.png,6.4-17.0-2.7-3.4-5.9-1.4-0.3-0.0-0.0-0.7.json
6.9-18.0-2.6-4.8-4.4-0.3-0.4-0.0-2.0-0.4,6.9,18,2.6,4.8,4.4,0.3,0.4,0,2,40,3794.6,62.5,171498,228705,284.1,265.2,253.6,3046352.0,6.9-18.0-2.6-4.8-4.4-0.3-0.4-0.0-2.0-0.4_0__Perspective.png,6.9-18.0-2.6-4.8-4.4-0.3-0.4-0.0-2.0-0.4.json
7.7-19.2-3.1-3.2-4.7-0.1-0.1-1.0-2.0-0.5,7.7,19.2,3.1,3.2,4.7,0.1,0.1,1,2,50,4477.8,63.7,206465,268912,460.4,92.3,239.0,3545085.0,7.7-19.2-3.1-3.2-4.7-0.1-0.1-1.0-2.0-0.5_0__Perspective.png,7.7-19.2-3.1-3.2-4.7-0.1-0.1-1.0-2.0-0.5.json
7.5-18.8-2.7-3.7-4.2-0.9-0.3-0.0-1.0-0.4,7.5,18.8,2.7,3.7,4.2,0.9,0.3,0,1,40,4483.2,49.2,185702,250217,281.1,262.4,129.5,3017115.0,7.5-18.8-2.7-3.7-4.2-0.9-0.3-0.0-1.0-0.4_0__Perspective.png,7.5-18.8-2.7-3.7-4.2-0.9-0.3-0.0-1.0-0.4.json
6.8-16.4-2.6-5.4-5.0--0.2-0.1-0.0-2.0-0.3,6.8,16.4,2.6,5.4,5,-0.2,0.1,0,2,30,3190.9,86.4,166561,217363,303.5,283.3,327.5,2917487.0,6.8-16.4-2.6-5.4-5.0--0.2-0.1-0.0-2.0-0.3_0__Perspective.png,6.8-16.4-2.6-5.4-5.0--0.2-0.1-0.0-2.0-0.3.json
6.8-16.8-2.9-4.0-4.6-0.8--0.4-0.0-2.0-0.5,6.8,16.8,2.9,4,4.6,0.8,-0.4,0,2,50,3568.6,65.9,161580,215572,290.6,271.3,257.2,2923327.6,6.8-16.8-2.9-4.0-4.6-0.8--0.4-0.0-2.0-0.5_0__Perspective.png,6.8-16.8-2.9-4.0-4.6-0.8--0.4-0.0-2.0-0.5.json
6.5-16.2-3.3-4.8-4.2--1.0--0.4-0.0-2.0-0.7,6.5,16.2,3.3,4.8,4.2,-1,-0.4,0,2,70,3164.6,57.8,144432,195041,302.8,282.7,237.9,2605670.7,6.5-16.2-3.3-4.8-4.2--1.0--0.4-0.0-2.0-0.7_0__Perspective.png,6.5-16.2-3.3-4.8-4.2--1.0--0.4-0.0-2.0-0.7.json
7.9-17.2-2.8-5.3-4.6-1.5-0.7-0.0-1.0-0.5,7.9,17.2,2.8,5.3,4.6,1.5,0.7,0,1,50,4421.4,52.1,179726,247893,311.0,290.3,130.5,3235560.0,7.9-17.2-2.8-5.3-4.6-1.5-0.7-0.0-1.0-0.5_0__Perspective.png,7.9-17.2-2.8-5.3-4.6-1.5-0.7-0.0-1.0-0.5.json
8.8-16.5-2.5-5.6-6.2-0.2-0.3-0.0-0.0-0.9,8.8,16.5,2.5,5.6,6.2,0.2,0.3,0,0,90,4358,68.9,223736,267503,393.3,367.2,134.1,3898505.0,8.8-16.5-2.5-5.6-6.2-0.2-0.3-0.0-0.0-0.9_0__Perspective.png,8.8-16.5-2.5-5.6-6.2-0.2-0.3-0.0-0.0-0.9.json
7.7-16.6-2.7-4.9-5.8-1.8-0.1-0.0-0.0-0.4,7.7,16.6,2.7,4.9,5.8,1.8,0.1,0,0,40,4035,87.7,208490,233618,324.4,302.9,165.5,3198747.0,7.7-16.6-2.7-4.9-5.8-1.8-0.1-0.0-0.0-0.4_0__Perspective.png,7.7-16.6-2.7-4.9-5.8-1.8-0.1-0.0-0.0-0.4.json
6.9-16.7-3.1-4.2-5.7-0.9--0.6-1.0-1.0-0.6,6.9,16.7,3.1,4.2,5.7,0.9,-0.6,1,1,60,3647.3,89,175200,235018,369.6,126.9,180.4,2468967.1,6.9-16.7-3.1-4.2-5.7-0.9--0.6-1.0-1.0-0.6_0__Perspective.png,6.9-16.7-3.1-4.2-5.7-0.9--0.6-1.0-1.0-0.6.json
6.8-17.9-3.0-3.7-4.4-0.5-0.3-1.0-1.0-0.6,6.8,17.9,3,3.7,4.4,0.5,0.3,1,1,60,3746.7,57.5,167235,224362,440.7,102.0,143.6,2571523.5,6.8-17.9-3.0-3.7-4.4-0.5-0.3-1.0-1.0-0.6_0__Perspective.png,6.8-17.9-3.0-3.7-4.4-0.5-0.3-1.0-1.0-0.6.json
8.7-17.5-3.3-3.4-5.2--0.3-0.5-0.0-1.0-0.0,8.7,17.5,3.3,3.4,5.2,-0.3,0.5,0,1,0,4782,74.4,211502,284172,298.7,278.9,169.0,3570045.0,8.7-17.5-3.3-3.4-5.2--0.3-0.5-0.0-1.0-0.0_0__Perspective.png,8.7-17.5-3.3-3.4-5.2--0.3-0.5-0.0-1.0-0.0.json
6.9-18.4-3.4-3.9-5.7--0.7--0.5-1.0-1.0-0.7,6.9,18.4,3.4,3.9,5.7,-0.7,-0.5,1,1,70,3966.7,89.9,193152,256265,355.7,125.6,174.5,2601101.1,6.9-18.4-3.4-3.9-5.7--0.7--0.5-1.0-1.0-0.7_0__Perspective.png,6.9-18.4-3.4-3.9-5.7--0.7--0.5-1.0-1.0-0.7.json
7.9-17.6-2.6-3.2-4.6--1.4--0.6-1.0-2.0-0.5,7.9,17.6,2.6,3.2,4.6,-1.4,-0.6,1,2,50,4681.8,46.4,181671,252766,368.2,87.3,209.2,3112153.6,7.9-17.6-2.6-3.2-4.6--1.4--0.6-1.0-2.0-0.5_0__Perspective.png,7.9-17.6-2.6-3.2-4.6--1.4--0.6-1.0-2.0-0.5.json
7.9-15.3-2.8-3.6-5.7--1.4--0.2-0.0-0.0-0.2,7.9,15.3,2.8,3.6,5.7,-1.4,-0.2,0,0,20,3877.4,90.4,195757,219888,308.4,287.9,172.4,2980284.0,7.9-15.3-2.8-3.6-5.7--1.4--0.2-0.0-0.0-0.2_0__Perspective.png,7.9-15.3-2.8-3.6-5.7--1.4--0.2-0.0-0.0-0.2.json
6.4-16.0-3.3-4.7-4.0--0.9--0.2-0.0-2.0-0.7,6.4,16,3.3,4.7,4,-0.9,-0.2,0,2,70,2991.2,56.2,139393,187147,299.7,279.8,236.7,2441693.1,6.4-16.0-3.3-4.7-4.0--0.9--0.2-0.0-2.0-0.7_0__Perspective.png,6.4-16.0-3.3-4.7-4.0--0.9--0.2-0.0-2.0-0.7.json
7.9-15.3-2.9-5.0-4.1-1.4--0.2-1.0-0.0-0.2,7.9,15.3,2.9,5,4.1,1.4,-0.2,1,0,20,3736,52.2,164586,200895,505.9,88.9,128.7,2703007.9,7.9-15.3-2.9-5.0-4.1-1.4--0.2-1.0-0.0-0.2_0__Perspective.png,7.9-15.3-2.9-5.0-4.1-1.4--0.2-1.0-0.0-0.2.json
8.6-16.8-2.9-5.1-4.8-1.1--0.7-0.0-1.0-0.1,8.6,16.8,2.9,5.1,4.8,1.1,-0.7,0,1,10,4640.9,63.4,192492,264777,306.3,285.9,150.5,3446650.0,8.6-16.8-2.9-5.1-4.8-1.1--0.7-0.0-1.0-0.1_0__Perspective.png,8.6-16.8-2.9-5.1-4.8-1.1--0.7-0.0-1.0-0.1.json
8.1-16.7-3.0-4.8-4.2--1.5--0.1-0.0-1.0-0.6,8.1,16.7,3,4.8,4.2,-1.5,-0.1,0,1,60,4195.9,41.3,173729,238317,315.8,294.8,118.3,3058740.0,8.1-16.7-3.0-4.8-4.2--1.5--0.1-0.0-1.0-0.6_0__Perspective.png,8.1-16.7-3.0-4.8-4.2--1.5--0.1-0.0-1.0-0.6.json
6.9-15.8-2.5-4.3-5.5--0.2--0.8-0.0-2.0-0.4,6.9,15.8,2.5,4.3,5.5,-0.2,-0.8,0,2,40,3477.3,92,164752,221486,305.8,285.5,311.5,3139031.7,6.9-15.8-2.5-4.3-5.5--0.2--0.8-0.0-2.0-0.4_0__Perspective.png,6.9-15.8-2.5-4.3-5.5--0.2--0.8-0.0-2.0-0.4.json
7.8-15.2-3.0-4.3-5.7-1.6--0.4-0.0-1.0-0.1,7.8,15.2,3,4.3,5.7,1.6,-0.4,0,1,10,3811.2,92.7,178001,239076,306.9,286.5,197.1,3012515.0,7.8-15.2-3.0-4.3-5.7-1.6--0.4-0.0-1.0-0.1_0__Perspective.png,7.8-15.2-3.0-4.3-5.7-1.6--0.4-0.0-1.0-0.1.json
6.2-17.5-3.3-4.8-4.9-0.1--0.2-1.0-2.0-0.2,6.2,17.5,3.3,4.8,4.9,0.1,-0.2,1,2,20,3063.5,97.7,169309,213968,502.4,109.0,354.9,2960051.9,6.2-17.5-3.3-4.8-4.9-0.1--0.2-1.0-2.0-0.2_0__Perspective.png,6.2-17.5-3.3-4.8-4.9-0.1--0.2-1.0-2.0-0.2.json
6.7-18.6-2.7-4.2-5.6-0.4--0.7-1.0-1.0-0.0,6.7,18.6,2.7,4.2,5.6,0.4,-0.7,1,1,0,3995,100,199083,253384,309.7,83.2,210.3,2409669.3,6.7-18.6-2.7-4.2-5.6-0.4--0.7-1.0-1.0-0.0_0__Perspective.png,6.7-18.6-2.7-4.2-5.6-0.4--0.7-1.0-1.0-0.0.json
6.9-15.6-2.5-3.2-6.2-0.0--0.9-0.0-1.0-0.5,6.9,15.6,2.5,3.2,6.2,0,-0.9,0,1,50,3525.4,96.3,170994,230486,314.0,293.1,198.7,2840885.0,6.9-15.6-2.5-3.2-6.2-0.0--0.9-0.0-1.0-0.5_0__Perspective.png,6.9-15.6-2.5-3.2-6.2-0.0--0.9-0.0-1.0-0.5.json
6.9-18.6-3.1-4.0-5.4-1.7-0.7-1.0-0.0-0.8,6.9,18.6,3.1,4,5.4,1.7,0.7,1,0,80,4275.5,74.5,200595,234447,367.8,119.1,136.9,2666905.6,6.9-18.6-3.1-4.0-5.4-1.7-0.7-1.0-0.0-0.8_0__Perspective.png,6.9-18.6-3.1-4.0-5.4-1.7-0.7-1.0-0.0-0.8.json
7.2-16.8-3.3-4.9-6.0--1.2--0.8-0.0-0.0-0.5,7.2,16.8,3.3,4.9,6,-1.2,-0.8,0,0,50,3860.2,92.3,201280,227931,331.1,309.1,172.0,3135520.0,7.2-16.8-3.3-4.9-6.0--1.2--0.8-0.0-0.0-0.5_0__Perspective.png,7.2-16.8-3.3-4.9-6.0--1.2--0.8-0.0-0.0-0.5.json
6.7-19.4-3.2-5.5-5.1--1.2-0.1-0.0-1.0-0.4,6.7,19.4,3.2,5.5,5.1,-1.2,0.1,0,1,40,3832.8,81.3,194519,251967,298.5,278.6,184.8,2920110.0,6.7-19.4-3.2-5.5-5.1--1.2-0.1-0.0-1.0-0.4_0__Perspective.png,6.7-19.4-3.2-5.5-5.1--1.2-0.1-0.0-1.0-0.4.json
