in:name,in:building width,in:building length,in:core width,in:core length,in:floor to floor,in:length shift,in:width shift,in:concrete or steel,in:glass performance,in:glazing ratio %,out:floor area,out:ECe Steel,out:EE Steel,out:ECe Concrete,out:EE Concrete,out:ECe Glazing,out:EE Glazing,out:Daylight Factor %,out:Total Cooling kwh,out:Total Heating kwh,out: Steel ECe/m2,out: Steel EE/m2,out:Concrete ECe/m2,out:Concrete EE/m2,out:Glazing ECe/m2,out:Glazing EE/m2,out:Total Ece,out: Total EE,:img,:threed
9.0-20.0-2.5-3.0-4.0--2.0--1.0-0.0-1.0-0.4,9,20,2.5,3,4,-2,-1,0,1,40,6384,1901800,23851000,1775500,11397000,602680,11816480,32.2,214886,304414,297.9,3736.1,278.1,1785.2,94.4,1851.0,4279980,47064480,9.0-20.0-2.5-3.0-4.0--2.0--1.0-0.0-1.0-0.4_0__Perspective.png,9.0-20.0-2.5-3.0-4.0--2.0--1.0-0.0-1.0-0.4.json
7.8-19.8-3.0-5.2-5.5-0.2--1.0-1.0-2.0-0.3,7.8,19.8,3,5.2,5.5,0.2,-1,1,2,30,4950.7,1427600,17905000,473818.6,3041400,1372108,26928970,87.4,226647,296693,288.4,3616.7,95.7,614.3,277.2,5439.4,3273527,47875370,7.8-19.8-3.0-5.2-5.5-0.2--1.0-1.0-2.0-0.3_0__Perspective.png,7.8-19.8-3.0-5.2-5.5-0.2--1.0-1.0-2.0-0.3.json
8.2-18.5-2.7-5.1-6.3-1.5--0.3-1.0-2.0-0.5,8.2,18.5,2.7,5.1,6.3,1.5,-0.3,1,2,50,4831.4,2010100,25209000,558022.9,3581900,1406144,27596960,87,226197,304768,416.0,5217.7,115.5,741.4,291.0,5712.0,3974267,56387860,8.2-18.5-2.7-5.1-6.3-1.5--0.3-1.0-2.0-0.5_0__Perspective.png,8.2-18.5-2.7-5.1-6.3-1.5--0.3-1.0-2.0-0.5.json
8.5-15.1-3.3-4.2-4.1--1.0--0.5-0.0-0.0-0.6,8.5,15.1,3.3,4.2,4.1,-1,-0.5,0,0,60,4036.9,1311400,16447000,1224300,7859000,411525,8068250,41.6,168419,211710,324.9,4074.2,303.3,1946.8,101.9,1998.6,2947225,32374250,8.5-15.1-3.3-4.2-4.1--1.0--0.5-0.0-0.0-0.6_0__Perspective.png,8.5-15.1-3.3-4.2-4.1--1.0--0.5-0.0-0.0-0.6.json
6.0-18.5-2.9-3.8-5.6--1.5-0.7-0.0-1.0-0.6,6,18.5,2.9,3.8,5.6,-1.5,0.7,0,1,60,3701,1073000,13457000,1001800,6430300,694180,13610480,96,179156,231811,289.9,3636.0,270.7,1737.4,187.6,3677.5,2768980,33497780,6.0-18.5-2.9-3.8-5.6--1.5-0.7-0.0-1.0-0.6_0__Perspective.png,6.0-18.5-2.9-3.8-5.6--1.5-0.7-0.0-1.0-0.6.json
6.9-16.3-3.1-4.1-5.2--0.2-0.5-1.0-0.0-0.8,6.9,16.3,3.1,4.1,5.2,-0.2,0.5,1,0,80,3418.6,1266300,15881000,463652.2,2976200,498852,9780360,78.4,180578,203602,370.4,4645.5,135.6,870.6,145.9,2860.9,2228804,28637560,6.9-16.3-3.1-4.1-5.2--0.2-0.5-1.0-0.0-0.8_0__Perspective.png,6.9-16.3-3.1-4.1-5.2--0.2-0.5-1.0-0.0-0.8.json
6.5-19.7-2.8-4.7-4.1--1.7-0.7-1.0-2.0-0.3,6.5,19.7,2.8,4.7,4.1,-1.7,0.7,1,2,30,4244.1,1293500,16222000,353923.6,2271800,981964,19272010,57.9,172406,232905,304.8,3822.2,83.4,535.3,231.4,4540.9,2629388,37765810,6.5-19.7-2.8-4.7-4.1--1.7-0.7-1.0-2.0-0.3_0__Perspective.png,6.5-19.7-2.8-4.7-4.1--1.7-0.7-1.0-2.0-0.3.json
6.9-15.6-2.5-3.2-6.2-0.0--0.8-0.0-1.0-0.5,6.9,15.6,2.5,3.2,6.2,0,-0.8,0,1,50,3488,1098700,13779000,1025800,6584300,700585,13736060,97.1,171727,230287,315.0,3950.4,294.1,1887.7,200.9,3938.1,2825085,34099360,6.9-15.6-2.5-3.2-6.2-0.0--0.8-0.0-1.0-0.5_0__Perspective.png,6.9-15.6-2.5-3.2-6.2-0.0--0.8-0.0-1.0-0.5.json
6.8-16.8-2.9-4.0-4.6-1.4--0.8-0.0-1.0-0.5,6.8,16.8,2.9,4,4.6,1.4,-0.8,0,1,50,3808.6,1092700,13703000,1020100,6547900,551135,10805860,60,159884,216306,286.9,3597.9,267.8,1719.2,144.7,2837.2,2663935,31056760,6.8-16.8-2.9-4.0-4.6-1.4--0.8-0.0-1.0-0.5_0__Perspective.png,6.8-16.8-2.9-4.0-4.6-1.4--0.8-0.0-1.0-0.5.json
7.2-16.2-2.7-3.8-4.9--2.0-0.4-0.0-1.0-0.5,7.2,16.2,2.7,3.8,4.9,-2,0.4,0,1,50,3886.1,1155600,14492000,1078800,6924800,575230,11278280,63.1,165795,223337,297.4,3729.2,277.6,1781.9,148.0,2902.2,2809630,32695080,7.2-16.2-2.7-3.8-4.9--2.0-0.4-0.0-1.0-0.5_0__Perspective.png,7.2-16.2-2.7-3.8-4.9--2.0-0.4-0.0-1.0-0.5.json
8.6-16.5-3.2-5.2-6.1--0.8--0.5-0.0-0.0-0.5,8.6,16.5,3.2,5.2,6.1,-0.8,-0.5,0,0,50,4361.8,1562700,19598000,1458900,9364900,688293,13494490,77.5,223073,259235,358.3,4493.1,334.5,2147.0,157.8,3093.8,3709893,42457390,8.6-16.5-3.2-5.2-6.1--0.8--0.5-0.0-0.0-0.5_0__Perspective.png,8.6-16.5-3.2-5.2-6.1--0.8--0.5-0.0-0.0-0.5.json
6.2-16.5-3.4-4.0-6.1-1.6--0.3-0.0-2.0-0.0,6.2,16.5,3.4,4,6.1,1.6,-0.3,0,2,0,3183.8,911594.3,11433000,851056.2,5462900,1367536,26839240,99.7,175581,224061,286.3,3591.0,267.3,1715.8,429.5,8429.9,3130187,43735140,6.2-16.5-3.4-4.0-6.1-1.6--0.3-0.0-2.0-0.0_0__Perspective.png,6.2-16.5-3.4-4.0-6.1-1.6--0.3-0.0-2.0-0.0.json
7.1-17.5-3.3-5.0-5.3-1.0-0.2-0.0-1.0-0.8,7.1,17.5,3.3,5,5.3,1,0.2,0,1,80,3697.6,1244900,15612000,1162200,7460100,594750,11661000,70.9,182726,242484,336.7,4222.2,314.3,2017.6,160.8,3153.7,3001850,34733100,7.1-17.5-3.3-5.0-5.3-1.0-0.2-0.0-1.0-0.8_0__Perspective.png,7.1-17.5-3.3-5.0-5.3-1.0-0.2-0.0-1.0-0.8.json
6.5-19.8-3.3-5.8-6.1-1.0--0.1-1.0-1.0-0.9,6.5,19.8,3.3,5.8,6.1,1,-0.1,1,1,90,3707,1987200,24922000,596382.2,3828100,739930,14507480,96.8,208031,268869,536.1,6723.0,160.9,1032.7,199.6,3913.5,3323512,43257580,6.5-19.8-3.3-5.8-6.1-1.0--0.1-1.0-1.0-0.9_0__Perspective.png,6.5-19.8-3.3-5.8-6.1-1.0--0.1-1.0-1.0-0.9.json
8.9-15.3-3.1-3.1-5.4-1.6--0.7-0.0-1.0-0.4,8.9,15.3,3.1,3.1,5.4,1.6,-0.7,0,1,40,4621.8,1515000,19000000,1414400,9079000,660935,12958660,58.4,186668,260087,327.8,4111.0,306.0,1964.4,143.0,2803.8,3590335,41037660,8.9-15.3-3.1-3.1-5.4-1.6--0.7-0.0-1.0-0.4_0__Perspective.png,8.9-15.3-3.1-3.1-5.4-1.6--0.7-0.0-1.0-0.4.json
6.9-16.7-3.1-4.2-5.7--1.8--0.3-0.0-2.0-0.0,6.9,16.7,3.1,4.2,5.7,-1.8,-0.3,0,2,0,3676.1,1039900,13041000,970823,6231700,1328928,26081520,97.2,182717,236818,282.9,3547.5,264.1,1695.2,361.5,7094.9,3339651,45354220,6.9-16.7-3.1-4.2-5.7--1.8--0.3-0.0-2.0-0.0_0__Perspective.png,6.9-16.7-3.1-4.2-5.7--1.8--0.3-0.0-2.0-0.0.json
6.9-16.0-3.1-3.5-5.8--1.9--0.7-0.0-1.0-0.0,6.9,16,3.1,3.5,5.8,-1.9,-0.7,0,1,0,3737.1,1038800,13028000,969797.4,6225100,787815,15446340,97.4,174645,230484,278.0,3486.1,259.5,1665.8,210.8,4133.2,2796412,34699440,6.9-16.0-3.1-3.5-5.8--1.9--0.7-0.0-1.0-0.0_0__Perspective.png,6.9-16.0-3.1-3.5-5.8--1.9--0.7-0.0-1.0-0.0.json
7.9-16.2-3.0-4.5-4.5--0.5-0.2-1.0-0.0-0.7,7.9,16.2,3,4.5,4.5,-0.5,0.2,1,0,70,3833.5,1929500,24199000,444055.4,2850400,453375,8888750,58.2,184326,215815,503.3,6312.5,115.8,743.6,118.3,2318.7,2826930,35938150,7.9-16.2-3.0-4.5-4.5--0.5-0.2-1.0-0.0-0.7_0__Perspective.png,7.9-16.2-3.0-4.5-4.5--0.5-0.2-1.0-0.0-0.7.json
6.6-17.1-2.9-3.3-4.7--0.3-0.4-1.0-1.0-0.5,6.6,17.1,2.9,3.3,4.7,-0.3,0.4,1,1,50,3514.1,1590800,19950000,356665,2289400,568520,11146720,75.5,165834,215613,452.7,5677.1,101.5,651.5,161.8,3172.0,2515985,33386120,6.6-17.1-2.9-3.3-4.7--0.3-0.4-1.0-1.0-0.5_0__Perspective.png,6.6-17.1-2.9-3.3-4.7--0.3-0.4-1.0-1.0-0.5.json
7.9-16.5-3.2-3.1-4.1--1.1-0.2-0.0-2.0-0.8,7.9,16.5,3.2,3.1,4.1,-1.1,0.2,0,2,80,4136.2,1289700,16175000,1204100,7728800,732028,14366770,39.8,165650,229113,311.8,3910.6,291.1,1868.6,177.0,3473.4,3225828,38270570,7.9-16.5-3.2-3.1-4.1--1.1-0.2-0.0-2.0-0.8_0__Perspective.png,7.9-16.5-3.2-3.1-4.1--1.1-0.2-0.0-2.0-0.8.json
7.3-15.5-2.8-3.1-5.2--1.5-0.0-0.0-0.0-0.3,7.3,15.5,2.8,3.1,5.2,-1.5,0,0,0,30,3605.8,1060400,13299000,989994.3,6354700,581436,11399480,80.5,179439,203009,294.1,3688.2,274.6,1762.4,161.3,3161.4,2631830,31053180,7.3-15.5-2.8-3.1-5.2--1.5-0.0-0.0-0.0-0.3_0__Perspective.png,7.3-15.5-2.8-3.1-5.2--1.5-0.0-0.0-0.0-0.3.json
8.5-18.3-2.9-3.9-5.7--0.8--0.6-0.0-1.0-0.9,8.5,18.3,2.9,3.9,5.7,-0.8,-0.6,0,1,90,5030.9,1757300,22039000,1640600,10531000,647210,12689560,59.7,216152,298801,349.3,4380.7,326.1,2093.3,128.6,2522.3,4045110,45259560,8.5-18.3-2.9-3.9-5.7--0.8--0.6-0.0-1.0-0.9_0__Perspective.png,8.5-18.3-2.9-3.9-5.7--0.8--0.6-0.0-1.0-0.9.json
8.9-16.9-2.5-5.7-6.2-0.1-0.7-0.0-0.0-0.9,8.9,16.9,2.5,5.7,6.2,0.1,0.7,0,0,90,4660.7,1809400,22692000,1689200,10843000,598455,11733150,63.9,227443,276560,388.2,4868.8,362.4,2326.5,128.4,2517.5,4097055,45268150,8.9-16.9-2.5-5.7-6.2-0.1-0.7-0.0-0.0-0.9_0__Perspective.png,8.9-16.9-2.5-5.7-6.2-0.1-0.7-0.0-0.0-0.9.json
8.7-16.9-3.2-3.6-4.9--0.6-0.3-0.0-2.0-0.1,8.7,16.9,3.2,3.6,4.9,-0.6,0.3,0,2,10,4579,1389100,17421000,1296800,8324200,1196848,23489320,65,198922,269581,303.4,3804.5,283.2,1817.9,261.4,5129.8,3882748,49234520,8.7-16.9-3.2-3.6-4.9--0.6-0.3-0.0-2.0-0.1_0__Perspective.png,8.7-16.9-3.2-3.6-4.9--0.6-0.3-0.0-2.0-0.1.json
8.3-19.8-3.3-5.0-4.3--0.3--0.6-1.0-1.0-0.7,8.3,19.8,3.3,5,4.3,-0.3,-0.6,1,1,70,5071.4,1564600,19622000,505423.6,3244300,568520,11146720,48.2,210801,286550,308.5,3869.1,99.7,639.7,112.1,2198.0,2638544,34013020,8.3-19.8-3.3-5.0-4.3--0.3--0.6-1.0-1.0-0.7_0__Perspective.png,8.3-19.8-3.3-5.0-4.3--0.3--0.6-1.0-1.0-0.7.json
8.4-19.5-2.5-3.9-6.0--0.2--1.0-0.0-0.0-0.9,8.4,19.5,2.5,3.9,6,-0.2,-1,0,0,90,5433.1,1865300,23393000,1741400,11178000,662067,12980310,62.4,246388,297295,343.3,4305.6,320.5,2057.4,121.9,2389.1,4268767,47551310,8.4-19.5-2.5-3.9-6.0--0.2--1.0-0.0-0.0-0.9_0__Perspective.png,8.4-19.5-2.5-3.9-6.0--0.2--1.0-0.0-0.0-0.9.json
8.6-15.1-2.7-3.5-5.5--1.3--0.3-0.0-0.0-0.3,8.6,15.1,2.7,3.5,5.5,-1.3,-0.3,0,0,30,4220.8,1356800,17016000,1266700,8130800,630261,12356730,72.3,198059,230850,321.5,4031.5,300.1,1926.4,149.3,2927.6,3253761,37503530,8.6-15.1-2.7-3.5-5.5--1.3--0.3-0.0-0.0-0.3_0__Perspective.png,8.6-15.1-2.7-3.5-5.5--1.3--0.3-0.0-0.0-0.3.json
7.2-17.1-3.1-3.3-4.2--0.6--0.8-0.0-0.0-0.4,7.2,17.1,3.1,3.3,4.2,-0.6,-0.8,0,0,40,4033,1127900,14145000,1053000,6759100,487971,9567030,50.9,171915,207201,279.7,3507.3,261.1,1675.9,121.0,2372.2,2668871,30471130,7.2-17.1-3.1-3.3-4.2--0.6--0.8-0.0-0.0-0.4_0__Perspective.png,7.2-17.1-3.1-3.3-4.2--0.6--0.8-0.0-0.0-0.4.json
8.6-19.6-2.8-4.7-6.2-0.8-0.5-1.0-1.0-0.9,8.6,19.6,2.8,4.7,6.2,0.8,0.5,1,1,90,5363.5,2356300,29551000,691583.6,4439200,752435,14752660,68,238862,330262,439.3,5509.6,128.9,827.7,140.3,2750.6,3800319,48742860,8.6-19.6-2.8-4.7-6.2-0.8-0.5-1.0-1.0-0.9_0__Perspective.png,8.6-19.6-2.8-4.7-6.2-0.8-0.5-1.0-1.0-0.9.json
8.1-16.5-2.5-5.2-4.2-1.6-0.7-0.0-2.0-0.4,8.1,16.5,2.5,5.2,4.2,1.6,0.7,0,2,40,4422.2,1339300,16796000,1250300,8025700,885952,17387680,44.7,169980,237216,302.9,3798.1,282.7,1814.9,200.3,3931.9,3475552,42209380,8.1-16.5-2.5-5.2-4.2-1.6-0.7-0.0-2.0-0.4_0__Perspective.png,8.1-16.5-2.5-5.2-4.2-1.6-0.7-0.0-2.0-0.4.json
8.3-18.7-2.8-3.0-5.6--0.5--0.1-0.0-0.0-0.1,8.3,18.7,2.8,3,5.6,-0.5,-0.1,0,0,10,4841.2,1423000,17847000,1328500,8527700,795150,15589500,84.7,243501,271243,293.9,3686.5,274.4,1761.5,164.2,3220.2,3546650,41964200,8.3-18.7-2.8-3.0-5.6--0.5--0.1-0.0-0.0-0.1_0__Perspective.png,8.3-18.7-2.8-3.0-5.6--0.5--0.1-0.0-0.0-0.1.json
8.6-16.7-3.2-4.1-6.4--1.8--0.6-0.0-1.0-0.3,8.6,16.7,3.2,4.1,6.4,-1.8,-0.6,0,1,30,4762.1,1590400,19946000,1484800,9530700,862235,16905460,89.8,215834,291488,334.0,4188.5,311.8,2001.4,181.1,3550.0,3937435,46382160,8.6-16.7-3.2-4.1-6.4--1.8--0.6-0.0-1.0-0.3_0__Perspective.png,8.6-16.7-3.2-4.1-6.4--1.8--0.6-0.0-1.0-0.3.json
8.0-16.6-3.0-4.2-5.1-0.2--0.8-0.0-1.0-0.0,8,16.6,3,4.2,5.1,0.2,-0.8,0,1,0,4199.7,1220600,15308000,1139600,7314900,744200,14591200,78.6,187827,252664,290.6,3645.0,271.4,1741.8,177.2,3474.3,3104400,37214100,8.0-16.6-3.0-4.2-5.1-0.2--0.8-0.0-1.0-0.0_0__Perspective.png,8.0-16.6-3.0-4.2-5.1-0.2--0.8-0.0-1.0-0.0.json
6.5-15.4-3.0-3.1-5.5--0.8-0.6-0.0-0.0-0.5,6.5,15.4,3,3.1,5.5,-0.8,0.6,0,0,50,3240.6,979785.3,12288000,914718.8,5871500,556605,10912650,93,169205,188262,302.3,3791.9,282.3,1811.9,171.8,3367.5,2451109,29072150,6.5-15.4-3.0-3.1-5.5--0.8-0.6-0.0-0.0-0.5_0__Perspective.png,6.5-15.4-3.0-3.1-5.5--0.8-0.6-0.0-0.0-0.5.json
7.9-15.8-2.7-4.0-4.3-0.5-0.7-0.0-1.0-0.0,7.9,15.8,2.7,4,4.3,0.5,0.7,0,1,0,4000.5,1116900,14008000,1042800,6693400,604510,11852360,59.9,164152,226632,279.2,3501.6,260.7,1673.1,151.1,2962.7,2764210,32553760,7.9-15.8-2.7-4.0-4.3-0.5-0.7-0.0-1.0-0.0_0__Perspective.png,7.9-15.8-2.7-4.0-4.3-0.5-0.7-0.0-1.0-0.0.json
8.5-17.1-3.1-4.1-6.2-1.6--0.4-0.0-1.0-0.0,8.5,17.1,3.1,4.1,6.2,1.6,-0.4,0,1,0,4719.7,1457300,18276000,1360500,8733000,941230,18454280,94.6,219206,292771,308.8,3872.3,288.3,1850.3,199.4,3910.1,3759030,45463280,8.5-17.1-3.1-4.1-6.2-1.6--0.4-0.0-1.0-0.0_0__Perspective.png,8.5-17.1-3.1-4.1-6.2-1.6--0.4-0.0-1.0-0.0.json
6.2-15.4-2.7-3.1-5.5-0.9--0.6-1.0-1.0-0.6,6.2,15.4,2.7,3.1,5.5,0.9,-0.6,1,1,60,3130.2,1087100,13633000,379301.5,2434700,583160,11433760,94.5,150176,199486,347.3,4355.3,121.2,777.8,186.3,3652.7,2049562,27501460,6.2-15.4-2.7-3.1-5.5-0.9--0.6-1.0-1.0-0.6_0__Perspective.png,6.2-15.4-2.7-3.1-5.5-0.9--0.6-1.0-1.0-0.6.json
6.6-15.0-2.7-3.3-4.3--1.2-0.5-0.0-0.0-0.8,6.6,15,2.7,3.3,4.3,-1.2,0.5,0,0,80,3238.6,962201.6,12067000,898302.8,5766100,380835,7466550,50.9,144977,172459,297.1,3726.0,277.4,1780.4,117.6,2305.5,2241339,25299650,6.6-15.0-2.7-3.3-4.3--1.2-0.5-0.0-0.0-0.8_0__Perspective.png,6.6-15.0-2.7-3.3-4.3--1.2-0.5-0.0-0.0-0.8.json
8.4-15.9-3.4-4.0-4.6--1.2--0.5-0.0-1.0-0.4,8.4,15.9,3.4,4,4.6,-1.2,-0.5,0,1,40,4257,1346800,16891000,1257400,8071000,571265,11200540,52.8,175379,242600,316.4,3967.8,295.4,1895.9,134.2,2631.1,3175465,36162540,8.4-15.9-3.4-4.0-4.6--1.2--0.5-0.0-1.0-0.4_0__Perspective.png,8.4-15.9-3.4-4.0-4.6--1.2--0.5-0.0-1.0-0.4.json
7.9-18.0-2.9-3.2-5.8-0.2--0.7-1.0-1.0-0.6,7.9,18,2.9,3.2,5.8,0.2,-0.7,1,1,60,4590.4,1443600,18105000,494533.8,3174400,727730,14268280,83.5,212064,279854,314.5,3944.1,107.7,691.5,158.5,3108.3,2665864,35547680,7.9-18.0-2.9-3.2-5.8-0.2--0.7-1.0-1.0-0.6_0__Perspective.png,7.9-18.0-2.9-3.2-5.8-0.2--0.7-1.0-1.0-0.6.json
6.8-17.5-2.6-5.4-5.0--0.1-0.8-1.0-2.0-0.4,6.8,17.5,2.6,5.4,5,-0.1,0.8,1,2,40,3709.1,1277600,16023000,403859.9,2592300,1065784,20917060,84.6,176782,230946,344.5,4319.9,108.9,698.9,287.3,5639.4,2747244,39532360,6.8-17.5-2.6-5.4-5.0--0.1-0.8-1.0-2.0-0.4_0__Perspective.png,6.8-17.5-2.6-5.4-5.0--0.1-0.8-1.0-2.0-0.4.json
7.8-15.2-3.0-4.3-5.7-1.6--0.4-0.0-1.0-0.9,7.8,15.2,3,4.3,5.7,1.6,-0.4,0,1,90,3811.2,1381900,17330000,1290100,8281000,540155,10590580,66.7,172080,236654,362.6,4547.1,338.5,2172.8,141.7,2778.8,3212155,36201580,7.8-15.2-3.0-4.3-5.7-1.6--0.4-0.0-1.0-0.9_0__Perspective.png,7.8-15.2-3.0-4.3-5.7-1.6--0.4-0.0-1.0-0.9.json
8.9-18.8-3.4-3.6-4.9-0.3--0.8-0.0-1.0-0.7,8.9,18.8,3.4,3.6,4.9,0.3,-0.8,0,1,70,5381.8,1782900,22360000,1664500,10684000,624030,12235080,44.3,217061,300847,331.3,4154.7,309.3,1985.2,116.0,2273.4,4071430,45279080,8.9-18.8-3.4-3.6-4.9-0.3--0.8-0.0-1.0-0.7_0__Perspective.png,8.9-18.8-3.4-3.6-4.9-0.3--0.8-0.0-1.0-0.7.json
7.3-17.4-3.4-4.0-5.3--1.3--0.9-0.0-2.0-0.7,7.3,17.4,3.4,4,5.3,-1.3,-0.9,0,2,70,4205,1336000,16755000,1247200,8005900,1025652,20129430,66,180966,247937,317.7,3984.5,296.6,1903.9,243.9,4787.0,3608852,44890330,7.3-17.4-3.4-4.0-5.3--1.3--0.9-0.0-2.0-0.7_0__Perspective.png,7.3-17.4-3.4-4.0-5.3--1.3--0.9-0.0-2.0-0.7.json
8.4-15.3-2.7-4.7-6.0-1.8--0.1-1.0-2.0-0.8,8.4,15.3,2.7,4.7,6,1.8,-0.1,1,2,80,4101.8,2369000,29710000,587216.8,3769300,1006348,19750570,68.9,184332,257298,577.6,7243.2,143.2,918.9,245.3,4815.1,3962565,53229870,8.4-15.3-2.7-4.7-6.0-1.8--0.1-1.0-2.0-0.8_0__Perspective.png,8.4-15.3-2.7-4.7-6.0-1.8--0.1-1.0-2.0-0.8.json
6.2-16.8-2.7-3.5-5.9-1.7-0.6-0.0-0.0-0.8,6.2,16.8,2.7,3.5,5.9,1.7,0.6,0,0,80,3501.1,1103500,13840000,1030200,6613100,577530,11322900,95.8,183117,202568,315.2,3953.0,294.3,1888.9,165.0,3234.1,2711230,31776000,6.2-16.8-2.7-3.5-5.9-1.7-0.6-0.0-0.0-0.8_0__Perspective.png,6.2-16.8-2.7-3.5-5.9-1.7-0.6-0.0-0.0-0.8.json
6.3-19.9-2.8-4.3-5.2--1.2--1.0-0.0-1.0-0.5,6.3,19.9,2.8,4.3,5.2,-1.2,-1,0,1,50,4256.8,1182000,14824000,1103500,7083600,710955,13939380,83,187403,249937,277.7,3482.4,259.2,1664.1,167.0,3274.6,2996455,35846980,6.3-19.9-2.8-4.3-5.2--1.2--1.0-0.0-1.0-0.5_0__Perspective.png,6.3-19.9-2.8-4.3-5.2--1.2--1.0-0.0-1.0-0.5.json
6.7-19.8-3.3-5.9-5.6--0.7--0.2-1.0-2.0-0.3,6.7,19.8,3.3,5.9,5.6,-0.7,-0.2,1,2,30,3826.3,1832400,22981000,447776,2874300,1354836,26589990,97.4,206736,265871,478.9,6006.1,117.0,751.2,354.1,6949.3,3635012,52445290,6.7-19.8-3.3-5.9-5.6--0.7--0.2-1.0-2.0-0.3_0__Perspective.png,6.7-19.8-3.3-5.9-5.6--0.7--0.2-1.0-2.0-0.3.json
7.7-18.7-2.5-4.5-5.2-1.1--0.6-0.0-1.0-0.6,7.7,18.7,2.5,4.5,5.2,1.1,-0.6,0,1,60,4704.4,1460400,18315000,1363400,8751800,671610,13167960,61.2,202727,272809,310.4,3893.2,289.8,1860.3,142.8,2799.1,3495410,40234760,7.7-18.7-2.5-4.5-5.2-1.1--0.6-0.0-1.0-0.6_0__Perspective.png,7.7-18.7-2.5-4.5-5.2-1.1--0.6-0.0-1.0-0.6.json
6.3-17.0-3.4-4.1-6.4--1.0-0.8-0.0-1.0-0.4,6.3,17,3.4,4.1,6.4,-1,0.8,0,1,40,3439.5,1089200,13660000,1016900,6527300,788730,15464280,99.6,182809,236328,316.7,3971.5,295.7,1897.7,229.3,4496.1,2894830,35651580,6.3-17.0-3.4-4.1-6.4--1.0-0.8-0.0-1.0-0.4_0__Perspective.png,6.3-17.0-3.4-4.1-6.4--1.0-0.8-0.0-1.0-0.4.json
7.7-18.7-3.0-5.7-5.8-1.5-0.7-0.0-1.0-0.7,7.7,18.7,3,5.7,5.8,1.5,0.7,0,1,70,4626.6,1561700,19586000,1458000,9359000,722545,14166620,75.1,210616,284452,337.5,4233.3,315.1,2022.9,156.2,3062.0,3742245,43111620,7.7-18.7-3.0-5.7-5.8-1.5-0.7-0.0-1.0-0.7_0__Perspective.png,7.7-18.7-3.0-5.7-5.8-1.5-0.7-0.0-1.0-0.7.json
7.1-19.3-3.4-5.8-4.4--0.8-0.6-0.0-1.0-0.8,7.1,19.3,3.4,5.8,4.4,-0.8,0.6,0,1,80,4156.6,1292700,16212000,1206800,7746600,540765,10602540,52.8,184074,248687,311.0,3900.3,290.3,1863.7,130.1,2550.8,3040265,34561140,7.1-19.3-3.4-5.8-4.4--0.8-0.6-0.0-1.0-0.8_0__Perspective.png,7.1-19.3-3.4-5.8-4.4--0.8-0.6-0.0-1.0-0.8.json
7.0-16.5-3.3-4.7-5.1-0.8--0.3-0.0-2.0-0.2,7,16.5,3.3,4.7,5.1,0.8,-0.3,0,2,20,3447.1,1025200,12857000,957071.2,6143400,1113536,21854240,86.7,171567,225605,297.4,3729.8,277.6,1782.2,323.0,6339.9,3095807,40854640,7.0-16.5-3.3-4.7-5.1-0.8--0.3-0.0-2.0-0.2_0__Perspective.png,7.0-16.5-3.3-4.7-5.1-0.8--0.3-0.0-2.0-0.2.json
7.0-16.3-3.3-3.3-4.2--0.4-0.9-0.0-0.0-0.5,7,16.3,3.3,3.3,4.2,-0.4,0.9,0,0,50,3713.4,1058200,13271000,987918.8,6341400,451143,8844990,49.9,161941,193425,285.0,3573.8,266.0,1707.7,121.5,2381.9,2497262,28457390,7.0-16.3-3.3-3.3-4.2--0.4-0.9-0.0-0.0-0.5_0__Perspective.png,7.0-16.3-3.3-3.3-4.2--0.4-0.9-0.0-0.0-0.5.json
7.0-19.2-3.4-3.1-5.6-1.9--1.0-0.0-0.0-0.6,7,19.2,3.4,3.1,5.6,1.9,-1,0,0,60,4697.9,1389800,17430000,1297500,8328700,668484,13106120,79.4,216944,245925,295.8,3710.2,276.2,1772.9,142.3,2789.8,3355784,38864820,7.0-19.2-3.4-3.1-5.6-1.9--1.0-0.0-0.0-0.6_0__Perspective.png,7.0-19.2-3.4-3.1-5.6-1.9--1.0-0.0-0.0-0.6.json
7.6-19.4-2.9-4.9-5.3-1.7-0.1-0.0-0.0-0.0,7.6,19.4,2.9,4.9,5.3,1.7,0.1,0,0,0,4615.9,1308500,16410000,1221600,7841300,776457,15223010,87.3,233566,256929,283.5,3555.1,264.7,1698.8,168.2,3298.0,3306557,39474310,7.6-19.4-2.9-4.9-5.3-1.7-0.1-0.0-0.0-0.0_0__Perspective.png,7.6-19.4-2.9-4.9-5.3-1.7-0.1-0.0-0.0-0.0.json
7.8-16.2-2.9-5.0-6.1-1.4-0.1-0.0-2.0-0.7,7.8,16.2,2.9,5,6.1,1.4,0.1,0,2,70,3877.1,1398900,17544000,1306000,8383000,1117092,21924030,79.1,191963,256997,360.8,4525.0,336.8,2162.2,288.1,5654.7,3821992,47851030,7.8-16.2-2.9-5.0-6.1-1.4-0.1-0.0-2.0-0.7_0__Perspective.png,7.8-16.2-2.9-5.0-6.1-1.4-0.1-0.0-2.0-0.7.json
6.1-15.3-2.8-4.1-6.1-1.3--0.6-0.0-1.0-0.4,6.1,15.3,2.8,4.1,6.1,1.3,-0.6,0,1,40,3011.1,943771.9,11836000,881097,5655700,685945,13449020,98.9,158655,206116,313.4,3930.8,292.6,1878.3,227.8,4466.5,2510814,30940720,6.1-15.3-2.8-4.1-6.1-1.3--0.6-0.0-1.0-0.4_0__Perspective.png,6.1-15.3-2.8-4.1-6.1-1.3--0.6-0.0-1.0-0.4.json
8.8-15.4-3.2-3.4-5.9--1.2-0.1-0.0-1.0-0.1,8.8,15.4,3.2,3.4,5.9,-1.2,0.1,0,1,10,4276,1367000,17144000,1276300,8192200,815875,15996500,88.5,198370,268371,319.7,4009.4,298.5,1915.9,190.8,3741.0,3459175,41332700,8.8-15.4-3.2-3.4-5.9--1.2-0.1-0.0-1.0-0.1_0__Perspective.png,8.8-15.4-3.2-3.4-5.9--1.2-0.1-0.0-1.0-0.1.json
7.3-17.3-2.9-5.6-4.8--1.7-0.1-0.0-0.0-0.7,7.3,17.3,2.9,5.6,4.8,-1.7,0.1,0,0,70,3856.9,1242800,15586000,1160200,7447400,507501,9949930,64,188654,219453,322.2,4041.1,300.8,1930.9,131.6,2579.8,2910501,32983330,7.3-17.3-2.9-5.6-4.8--1.7-0.1-0.0-0.0-0.7_0__Perspective.png,7.3-17.3-2.9-5.6-4.8--1.7-0.1-0.0-0.0-0.7.json
7.7-19.2-3.1-3.2-4.7--0.7-0.4-0.0-1.0-0.6,7.7,19.2,3.1,3.2,4.7,-0.7,0.4,0,1,60,4720.4,1410700,17692000,1317000,8454000,620980,12175280,55.2,200408,269336,298.9,3748.0,279.0,1790.9,131.6,2579.3,3348680,38321280,7.7-19.2-3.1-3.2-4.7--0.7-0.4-0.0-1.0-0.6_0__Perspective.png,7.7-19.2-3.1-3.2-4.7--0.7-0.4-0.0-1.0-0.6.json
7.2-18.1-2.8-3.3-6.3-0.5--0.6-1.0-0.0-0.5,7.2,18.1,2.8,3.3,6.3,0.5,-0.6,1,0,50,4214.4,1426300,17887000,465121.1,2985600,741582,14539260,98.8,229117,246375,338.4,4244.3,110.4,708.4,176.0,3449.9,2633003,35411860,7.2-18.1-2.8-3.3-6.3-0.5--0.6-1.0-0.0-0.5_0__Perspective.png,7.2-18.1-2.8-3.3-6.3-0.5--0.6-1.0-0.0-0.5.json
7.5-19.4-2.8-3.4-4.1-1.2-0.4-0.0-2.0-0.6,7.5,19.4,2.8,3.4,4.1,1.2,0.4,0,2,60,4742.1,1353400,16973000,1263500,8110300,907288,17806420,44.1,187988,255474,285.4,3579.2,266.4,1710.3,191.3,3755.0,3524188,42889720,7.5-19.4-2.8-3.4-4.1-1.2-0.4-0.0-2.0-0.6_0__Perspective.png,7.5-19.4-2.8-3.4-4.1-1.2-0.4-0.0-2.0-0.6.json
7.2-19.9-3.1-3.2-5.1-0.9--0.8-0.0-2.0-0.6,7.2,19.9,3.1,3.2,5.1,0.9,-0.8,0,2,60,4787.8,1391200,17447000,1298800,8336900,1147572,22522230,64.7,204202,272327,290.6,3644.1,271.3,1741.3,239.7,4704.1,3837572,48306130,7.2-19.9-3.1-3.2-5.1-0.9--0.8-0.0-2.0-0.6_0__Perspective.png,7.2-19.9-3.1-3.2-5.1-0.9--0.8-0.0-2.0-0.6.json
7.8-16.5-3.0-5.6-5.2--1.0--0.1-1.0-1.0-0.6,7.8,16.5,3,5.6,5.2,-1,-0.1,1,1,60,3805.2,2137400,26806000,489154.8,3139900,605120,11864320,67.6,180971,245433,561.7,7044.6,128.5,825.2,159.0,3117.9,3231675,41810220,7.8-16.5-3.0-5.6-5.2--1.0--0.1-1.0-1.0-0.6_0__Perspective.png,7.8-16.5-3.0-5.6-5.2--1.0--0.1-1.0-1.0-0.6.json
7.2-17.4-3.3-5.2-4.8-0.1-0.1-1.0-2.0-0.5,7.2,17.4,3.3,5.2,4.8,0.1,0.1,1,2,50,3518.6,1674500,21001000,420654.4,2700100,995680,19541200,73.5,181178,235298,475.9,5968.6,119.6,767.4,283.0,5553.7,3090834,43242300,7.2-17.4-3.3-5.2-4.8-0.1-0.1-1.0-2.0-0.5_0__Perspective.png,7.2-17.4-3.3-5.2-4.8-0.1-0.1-1.0-2.0-0.5.json
8.3-18.9-3.1-3.8-4.1--1.2-0.4-0.0-0.0-0.2,8.3,18.9,3.1,3.8,4.1,-1.2,0.4,0,0,20,5051.8,1455900,18258000,1359200,8724500,568044,11136920,46.3,210110,253662,288.2,3614.2,269.1,1727.0,112.4,2204.5,3383144,38119420,8.3-18.9-3.1-3.8-4.1--1.2-0.4-0.0-0.0-0.2_0__Perspective.png,8.3-18.9-3.1-3.8-4.1--1.2-0.4-0.0-0.0-0.2.json
8.9-16.8-3.0-5.8-4.0-0.0-0.0-0.0-1.0-0.7,8.9,16.8,3,5.8,4,0,0,0,1,70,4227.8,1430200,17937000,1335200,8570800,461770,9053720,36.7,182818,254675,338.3,4242.6,315.8,2027.2,109.2,2141.5,3227170,35561520,8.9-16.8-3.0-5.8-4.0-0.0-0.0-0.0-1.0-0.7_0__Perspective.png,8.9-16.8-3.0-5.8-4.0-0.0-0.0-0.0-1.0-0.7.json
8.7-15.4-2.8-5.6-6.0-1.4-0.3-1.0-1.0-0.9,8.7,15.4,2.8,5.6,6,1.4,0.3,1,1,90,4178.7,2028500,25440000,655404.3,4207000,578890,11350040,66.4,188651,265559,485.4,6088.0,156.8,1006.8,138.5,2716.2,3262794,40997040,8.7-15.4-2.8-5.6-6.0-1.4-0.3-1.0-1.0-0.9_0__Perspective.png,8.7-15.4-2.8-5.6-6.0-1.4-0.3-1.0-1.0-0.9.json
7.4-16.8-2.6-4.2-4.1--1.0--0.8-1.0-0.0-0.2,7.4,16.8,2.6,4.2,4.1,-1,-0.8,1,0,20,4109.8,1268400,15908000,324277.9,2081500,505269,9906170,51.9,169278,207508,308.6,3870.7,78.9,506.5,122.9,2410.4,2097947,27895670,7.4-16.8-2.6-4.2-4.1--1.0--0.8-1.0-0.0-0.2_0__Perspective.png,7.4-16.8-2.6-4.2-4.1--1.0--0.8-1.0-0.0-0.2.json
6.9-15.1-2.5-4.1-4.4-0.9--0.4-1.0-2.0-0.1,6.9,15.1,2.5,4.1,4.4,0.9,-0.4,1,2,10,3291.4,993172.4,12456000,278126.4,1785300,926084,18175310,72.8,145136,196387,301.7,3784.4,84.5,542.4,281.4,5522.1,2197383,32416610,6.9-15.1-2.5-4.1-4.4-0.9--0.4-1.0-2.0-0.1_0__Perspective.png,6.9-15.1-2.5-4.1-4.4-0.9--0.4-1.0-2.0-0.1.json
8.2-16.1-3.0-5.3-4.1--1.6--0.2-0.0-1.0-0.7,8.2,16.1,3,5.3,4.1,-1.6,-0.2,0,1,70,4100.3,1334400,16735000,1245800,7996600,451400,8850400,39.4,166620,231086,325.4,4081.4,303.8,1950.2,110.1,2158.5,3031600,33582000,8.2-16.1-3.0-5.3-4.1--1.6--0.2-0.0-1.0-0.7_0__Perspective.png,8.2-16.1-3.0-5.3-4.1--1.6--0.2-0.0-1.0-0.7.json
8.8-15.7-2.8-5.0-4.5--1.0--0.7-1.0-2.0-0.9,8.8,15.7,2.8,5,4.5,-1,-0.7,1,2,90,4431.3,1915800,24026000,535073.9,3434600,737108,14466470,37.2,169410,247097,432.3,5421.9,120.7,775.1,166.3,3264.6,3187982,41927070,8.8-15.7-2.8-5.0-4.5--1.0--0.7-1.0-2.0-0.9_0__Perspective.png,8.8-15.7-2.8-5.0-4.5--1.0--0.7-1.0-2.0-0.9.json
7.3-19.2-2.5-4.8-6.3-1.0--0.9-0.0-0.0-0.3,7.3,19.2,2.5,4.8,6.3,1,-0.9,0,0,30,4669.4,1415600,17754000,1321600,8483200,830862,16289660,98.8,240262,263062,303.2,3802.2,283.0,1816.8,177.9,3488.6,3568062,42526860,7.3-19.2-2.5-4.8-6.3-1.0--0.9-0.0-0.0-0.3_0__Perspective.png,7.3-19.2-2.5-4.8-6.3-1.0--0.9-0.0-0.0-0.3.json
8.6-15.2-3.4-4.3-5.7-1.1--0.4-0.0-0.0-0.0,8.6,15.2,3.4,4.3,5.7,1.1,-0.4,0,0,0,4077.6,1288300,16157000,1202800,7720500,736002,14429860,90.9,205322,234511,315.9,3962.4,295.0,1893.4,180.5,3538.8,3227102,38307360,8.6-15.2-3.4-4.3-5.7-1.1--0.4-0.0-0.0-0.0_0__Perspective.png,8.6-15.2-3.4-4.3-5.7-1.1--0.4-0.0-0.0-0.0.json
8.1-18.7-2.9-3.5-5.1--0.8--0.2-0.0-2.0-0.9,8.1,18.7,2.9,3.5,5.1,-0.8,-0.2,0,2,90,4763.7,1572700,19724000,1468300,9424800,982980,19291950,50.9,206963,280849,330.1,4140.5,308.2,1978.5,206.3,4049.8,4023980,48440750,8.1-18.7-2.9-3.5-5.1--0.8--0.2-0.0-2.0-0.9_0__Perspective.png,8.1-18.7-2.9-3.5-5.1--0.8--0.2-0.0-2.0-0.9.json
8.2-15.3-3.0-5.2-4.2-1.7--0.4-1.0-0.0-0.2,8.2,15.3,3,5.2,4.2,1.7,-0.4,1,0,20,3980.6,1535000,19251000,353735.2,2270600,498015,9763950,51.2,168558,209426,385.6,4836.2,88.9,570.4,125.1,2452.9,2386750,31285550,8.2-15.3-3.0-5.2-4.2-1.7--0.4-1.0-0.0-0.2_0__Perspective.png,8.2-15.3-3.0-5.2-4.2-1.7--0.4-1.0-0.0-0.2.json
7.1-19.9-2.5-5.8-6.0-1.7-0.6-1.0-1.0-0.4,7.1,19.9,2.5,5.8,6,1.7,0.6,1,1,40,4609,1732900,21733000,503564.6,3232300,859795,16857620,97.6,217751,287323,376.0,4715.3,109.3,701.3,186.5,3657.5,3096260,41822920,7.1-19.9-2.5-5.8-6.0-1.7-0.6-1.0-1.0-0.4_0__Perspective.png,7.1-19.9-2.5-5.8-6.0-1.7-0.6-1.0-1.0-0.4.json
7.0-19.4-3.4-5.2-5.0-1.7-0.7-1.0-1.0-0.6,7,19.4,3.4,5.2,5,1.7,0.7,1,1,60,4362.8,1610700,20200000,486160.2,3120700,658190,12904840,66.9,190983,259001,369.2,4630.1,111.4,715.3,150.9,2957.9,2755050,36225540,7.0-19.4-3.4-5.2-5.0-1.7-0.7-1.0-1.0-0.6_0__Perspective.png,7.0-19.4-3.4-5.2-5.0-1.7-0.7-1.0-1.0-0.6.json
7.9-16.5-2.8-5.7-5.9--1.3-0.3-1.0-2.0-0.7,7.9,16.5,2.8,5.7,5.9,-1.3,0.3,1,2,70,4016.4,2286900,28680000,567731.7,3644200,1099820,21585050,75.9,191386,260673,569.4,7140.7,141.4,907.3,273.8,5374.2,3954452,53909250,7.9-16.5-2.8-5.7-5.9--1.3-0.3-1.0-2.0-0.7_0__Perspective.png,7.9-16.5-2.8-5.7-5.9--1.3-0.3-1.0-2.0-0.7.json
8.1-16.9-2.9-4.6-6.4-1.2--0.3-1.0-1.0-0.1,8.1,16.9,2.9,4.6,6.4,1.2,-0.3,1,1,10,4299.9,2224500,27898000,415361,2666200,918050,17999800,98.6,212187,281903,517.3,6488.1,96.6,620.1,213.5,4186.1,3557911,48564000,8.1-16.9-2.9-4.6-6.4-1.2--0.3-1.0-1.0-0.1_0__Perspective.png,8.1-16.9-2.9-4.6-6.4-1.2--0.3-1.0-1.0-0.1.json
7.5-18.3-2.5-4.9-6.3--1.6--0.4-0.0-0.0-0.6,7.5,18.3,2.5,4.9,6.3,-1.6,-0.4,0,0,60,4448.3,1473700,18482000,1375900,8831500,727911,14271230,94.3,232074,257779,331.3,4154.8,309.3,1985.4,163.6,3208.2,3577511,41584730,7.5-18.3-2.5-4.9-6.3--1.6--0.4-0.0-0.0-0.6_0__Perspective.png,7.5-18.3-2.5-4.9-6.3--1.6--0.4-0.0-0.0-0.6.json
8.7-18.4-2.7-3.0-6.4-0.0-0.1-0.0-2.0-0.8,8.7,18.4,2.7,3,6.4,0,0.1,0,2,80,4907.5,1745300,21888000,1629400,10459000,1273048,24984820,72.8,236377,317946,355.6,4460.1,332.0,2131.2,259.4,5091.2,4647748,57331820,8.7-18.4-2.7-3.0-6.4-0.0-0.1-0.0-2.0-0.8_0__Perspective.png,8.7-18.4-2.7-3.0-6.4-0.0-0.1-0.0-2.0-0.8.json
8.2-19.3-2.6-3.4-4.3-1.2--0.7-0.0-1.0-0.9,8.2,19.3,2.6,3.4,4.3,1.2,-0.7,0,1,90,5321.7,1651300,20710000,1541700,9895600,513010,10058360,36,199284,276747,310.3,3891.6,289.7,1859.5,96.4,1890.1,3706010,40663960,8.2-19.3-2.6-3.4-4.3-1.2--0.7-0.0-1.0-0.9_0__Perspective.png,8.2-19.3-2.6-3.4-4.3-1.2--0.7-0.0-1.0-0.9.json
6.4-18.9-3.2-5.4-5.7-1.2-0.8-0.0-0.0-0.8,6.4,18.9,3.2,5.4,5.7,1.2,0.8,0,0,80,3841.9,1247900,15650000,1165000,7478100,624123,12236390,91.7,203044,228377,324.8,4073.5,303.2,1946.5,162.5,3185.0,3037023,35364490,6.4-18.9-3.2-5.4-5.7-1.2-0.8-0.0-0.0-0.8_0__Perspective.png,6.4-18.9-3.2-5.4-5.7-1.2-0.8-0.0-0.0-0.8.json
7.5-16.6-2.7-5.1-4.6--0.2-0.2-0.0-1.0-0.4,7.5,16.6,2.7,5.1,4.6,-0.2,0.2,0,1,40,3658.1,1122500,14078000,1048000,6726900,575535,11284260,63.1,171686,229753,306.9,3848.4,286.5,1838.9,157.3,3084.7,2746035,32089160,7.5-16.6-2.7-5.1-4.6--0.2-0.2-0.0-1.0-0.4_0__Perspective.png,7.5-16.6-2.7-5.1-4.6--0.2-0.2-0.0-1.0-0.4.json
8.9-18.7-2.7-3.0-4.0-1.6-0.7-1.0-1.0-0.1,8.9,18.7,2.7,3,4,1.6,0.7,1,1,10,5695.6,1913300,23995000,352706.5,2264000,633485,12420460,35,199401,284173,335.9,4212.9,61.9,397.5,111.2,2180.7,2899492,38679460,8.9-18.7-2.7-3.0-4.0-1.6-0.7-1.0-1.0-0.1_0__Perspective.png,8.9-18.7-2.7-3.0-4.0-1.6-0.7-1.0-1.0-0.1.json
8.2-16.3-3.4-3.0-6.0--0.3-0.7-0.0-2.0-0.1,8.2,16.3,3.4,3,6,-0.3,0.7,0,2,10,4278.6,1311200,16444000,1224100,7857700,1403604,27547110,92.9,201392,268606,306.5,3843.3,286.1,1836.5,328.1,6438.3,3938904,51848810,8.2-16.3-3.4-3.0-6.0--0.3-0.7-0.0-2.0-0.1_0__Perspective.png,8.2-16.3-3.4-3.0-6.0--0.3-0.7-0.0-2.0-0.1.json
7.0-19.9-3.0-3.3-5.6--0.3-0.2-0.0-1.0-0.6,7,19.9,3,3.3,5.6,-0.3,0.2,0,1,60,4285.3,1290900,16189000,1205100,7735700,753960,14782560,87.8,212845,275430,301.2,3777.8,281.2,1805.2,175.9,3449.6,3249960,38707260,7.0-19.9-3.0-3.3-5.6--0.3-0.2-0.0-1.0-0.6_0__Perspective.png,7.0-19.9-3.0-3.3-5.6--0.3-0.2-0.0-1.0-0.6.json
8.6-19.3-2.7-3.4-5.8-1.1-0.6-0.0-2.0-0.7,8.6,19.3,2.7,3.4,5.8,1.1,0.6,0,2,70,5506.7,1826200,22903000,1705000,10944000,1253744,24605960,60.5,233157,317966,331.6,4159.1,309.6,1987.4,227.7,4468.4,4784944,58452960,8.6-19.3-2.7-3.4-5.8-1.1-0.6-0.0-2.0-0.7_0__Perspective.png,8.6-19.3-2.7-3.4-5.8-1.1-0.6-0.0-2.0-0.7.json
8.8-19.4-3.4-3.8-6.4--1.3-0.9-0.0-1.0-0.8,8.8,19.4,3.4,3.8,6.4,-1.3,0.9,0,1,80,5715.1,2028000,25434000,1893300,12153000,803065,15745340,66.6,246773,337517,354.8,4450.3,331.3,2126.5,140.5,2755.0,4724365,53332340,8.8-19.4-3.4-3.8-6.4--1.3-0.9-0.0-1.0-0.8_0__Perspective.png,8.8-19.4-3.4-3.8-6.4--1.3-0.9-0.0-1.0-0.8.json
6.1-19.2-2.7-4.4-6.3-1.0--0.7-1.0-1.0-0.0,6.1,19.2,2.7,4.4,6.3,1,-0.7,1,1,0,3819.8,1261100,15816000,351592.2,2256900,945195,18532020,99.5,201517,256316,330.1,4140.5,92.0,590.8,247.4,4851.6,2557887,36604920,6.1-19.2-2.7-4.4-6.3-1.0--0.7-1.0-1.0-0.0_0__Perspective.png,6.1-19.2-2.7-4.4-6.3-1.0--0.7-1.0-1.0-0.0.json
7.0-15.9-3.0-4.3-4.6--0.8--0.7-0.0-2.0-0.4,7,15.9,3,4.3,4.6,-0.8,-0.7,0,2,40,3536.9,1039800,13041000,970757,6231200,913384,17926060,64.9,154420,210513,294.0,3687.1,274.5,1761.8,258.2,5068.3,2923941,37198260,7.0-15.9-3.0-4.3-4.6--0.8--0.7-0.0-2.0-0.4_0__Perspective.png,7.0-15.9-3.0-4.3-4.6--0.8--0.7-0.0-2.0-0.4.json
8.7-18.7-2.9-4.2-4.2-0.9--0.8-1.0-0.0-0.6,8.7,18.7,2.9,4.2,4.2,0.9,-0.8,1,0,60,5346,1988100,24933000,472722.7,3034400,505269,9906170,37.9,207090,265047,371.9,4663.9,88.4,567.6,94.5,1853.0,2966092,37873570,8.7-18.7-2.9-4.2-4.2-0.9--0.8-1.0-0.0-0.6_0__Perspective.png,8.7-18.7-2.9-4.2-4.2-0.9--0.8-1.0-0.0-0.6.json
6.9-15.9-2.6-5.5-5.3--0.3--0.6-0.0-2.0-0.2,6.9,15.9,2.6,5.5,5.3,-0.3,-0.6,0,2,20,3327.4,1007500,12636000,940611.5,6037700,1121156,22003790,94.5,165591,219647,302.8,3797.6,282.7,1814.5,336.9,6612.9,3069268,40677490,6.9-15.9-2.6-5.5-5.3--0.3--0.6-0.0-2.0-0.2_0__Perspective.png,6.9-15.9-2.6-5.5-5.3--0.3--0.6-0.0-2.0-0.2.json
8.1-17.3-2.5-3.3-4.6--1.5--0.8-1.0-2.0-0.5,8.1,17.3,2.5,3.3,4.6,-1.5,-0.8,1,2,50,4815.1,1705900,21394000,416825.3,2675600,970280,19042700,44.9,180595,254271,354.3,4443.1,86.6,555.7,201.5,3954.8,3093005,43112300,8.1-17.3-2.5-3.3-4.6--1.5--0.8-1.0-2.0-0.5_0__Perspective.png,8.1-17.3-2.5-3.3-4.6--1.5--0.8-1.0-2.0-0.5.json
6.0-18.0-3.4-3.5-4.3-1.4-0.1-0.0-2.0-0.1,6,18,3.4,3.5,4.3,1.4,0.1,0,2,10,3316.6,835733,10481000,780232.8,5008300,994156,19511290,73.7,158370,204701,252.0,3160.2,235.3,1510.1,299.8,5882.9,2610122,35000590,6.0-18.0-3.4-3.5-4.3-1.4-0.1-0.0-2.0-0.1_0__Perspective.png,6.0-18.0-3.4-3.5-4.3-1.4-0.1-0.0-2.0-0.1.json
8.5-19.3-3.1-4.6-6.2-1.0--0.8-0.0-1.0-0.8,8.5,19.3,3.1,4.6,6.2,1,-0.8,0,1,80,5348.6,1884000,23627000,1758900,11290000,772260,15141360,69.3,237549,323254,352.2,4417.4,328.9,2110.8,144.4,2830.9,4415160,50058360,8.5-19.3-3.1-4.6-6.2-1.0--0.8-0.0-1.0-0.8_0__Perspective.png,8.5-19.3-3.1-4.6-6.2-1.0--0.8-0.0-1.0-0.8.json
7.5-18.8-2.5-3.2-5.0--0.7-0.3-0.0-1.0-0.9,7.5,18.8,2.5,3.2,5,-0.7,0.3,0,1,90,4512.3,1410000,17683000,1316300,8449500,579805,11367980,57.1,196601,264083,312.5,3918.8,291.7,1872.5,128.5,2519.3,3306105,37500480,7.5-18.8-2.5-3.2-5.0--0.7-0.3-0.0-1.0-0.9_0__Perspective.png,7.5-18.8-2.5-3.2-5.0--0.7-0.3-0.0-1.0-0.9.json
7.8-17.3-3.1-3.7-5.8-1.8-0.6-1.0-0.0-0.6,7.8,17.3,3.1,3.7,5.8,1.8,0.6,1,0,60,4511.2,1827300,22916000,508169.3,3261900,642537,12597410,76.6,211368,246799,405.1,5079.8,112.6,723.1,142.4,2792.5,2978006,38775310,7.8-17.3-3.1-3.7-5.8-1.8-0.6-1.0-0.0-0.6_0__Perspective.png,7.8-17.3-3.1-3.7-5.8-1.8-0.6-1.0-0.0-0.6.json
6.9-18.8-3.3-5.7-5.4-0.0--0.5-1.0-1.0-0.4,6.9,18.8,3.3,5.7,5.4,0,-0.5,1,1,40,3774.7,1206300,15129000,452871.5,2907000,734745,14405820,91.7,194308,256069,319.6,4008.0,120.0,770.1,194.6,3816.4,2393917,32441820,6.9-18.8-3.3-5.7-5.4-0.0--0.5-1.0-1.0-0.4_0__Perspective.png,6.9-18.8-3.3-5.7-5.4-0.0--0.5-1.0-1.0-0.4.json
8.4-19.1-2.6-3.2-5.4--0.5-0.8-0.0-0.0-0.9,8.4,19.1,2.6,3.2,5.4,-0.5,0.8,0,0,90,5325.8,1765200,22138000,1648000,10578000,584226,11454180,52.1,233396,281079,331.4,4156.7,309.4,1986.2,109.7,2150.7,3997426,44170180,8.4-19.1-2.6-3.2-5.4--0.5-0.8-0.0-0.0-0.9_0__Perspective.png,8.4-19.1-2.6-3.2-5.4--0.5-0.8-0.0-0.0-0.9.json
6.3-19.9-3.4-4.1-6.3--1.4-0.5-1.0-0.0-0.9,6.3,19.9,3.4,4.1,6.3,-1.4,0.5,1,0,90,3999.4,1586500,19896000,569875,3658000,701685,13757050,99.4,225361,245018,396.7,4974.7,142.5,914.6,175.4,3439.8,2858060,37311050,6.3-19.9-3.4-4.1-6.3--1.4-0.5-1.0-0.0-0.9_0__Perspective.png,6.3-19.9-3.4-4.1-6.3--1.4-0.5-1.0-0.0-0.9.json
8.6-15.0-2.5-5.5-6.2-0.7--0.9-0.0-0.0-0.9,8.6,15,2.5,5.5,6.2,0.7,-0.9,0,0,90,4141.4,1629900,20442000,1521700,9767700,533448,10458640,62.8,198534,242245,393.6,4936.0,367.4,2358.6,128.8,2525.4,3685048,40668340,8.6-15.0-2.5-5.5-6.2-0.7--0.9-0.0-0.0-0.9_0__Perspective.png,8.6-15.0-2.5-5.5-6.2-0.7--0.9-0.0-0.0-0.9.json
7.6-16.3-2.8-4.7-5.2-1.1--0.8-0.0-0.0-0.1,7.6,16.3,2.8,4.7,5.2,1.1,-0.8,0,0,10,4035.5,1181900,14823000,1103500,7083000,652860,12799800,85.7,191858,219475,292.9,3673.2,273.4,1755.2,161.8,3171.8,2938260,34705800,7.6-16.3-2.8-4.7-5.2-1.1--0.8-0.0-0.0-0.1_0__Perspective.png,7.6-16.3-2.8-4.7-5.2-1.1--0.8-0.0-0.0-0.1.json
8.1-18.3-3.1-5.6-5.4-0.5-0.6-0.0-0.0-0.3,8.1,18.3,3.1,5.6,5.4,0.5,0.6,0,0,30,4541.4,1448200,18162000,1352000,8678500,702243,13767990,77.3,225481,259585,318.9,3999.2,297.7,1911.0,154.6,3031.7,3502443,40608490,8.1-18.3-3.1-5.6-5.4-0.5-0.6-0.0-0.0-0.3_0__Perspective.png,8.1-18.3-3.1-5.6-5.4-0.5-0.6-0.0-0.0-0.3.json
6.1-16.3-2.5-5.7-5.7--0.8--0.6-1.0-2.0-0.8,6.1,16.3,2.5,5.7,5.7,-0.8,-0.6,1,2,80,3066.1,1281800,16076000,486120,3120300,986536,19361740,95.1,158099,210407,418.1,5243.1,158.5,1017.7,321.8,6314.8,2754456,38558040,6.1-16.3-2.5-5.7-5.7--0.8--0.6-1.0-2.0-0.8_0__Perspective.png,6.1-16.3-2.5-5.7-5.7--0.8--0.6-1.0-2.0-0.8.json
7.1-15.9-2.8-4.3-5.4--0.7-0.6-1.0-1.0-0.1,7.1,15.9,2.8,4.3,5.4,-0.7,0.6,1,1,10,3565.4,1256900,15763000,334816,2149100,713700,13993200,93.1,169044,226184,352.5,4421.1,93.9,602.8,200.2,3924.7,2305416,31905300,7.1-15.9-2.8-4.3-5.4--0.7-0.6-1.0-1.0-0.1_0__Perspective.png,7.1-15.9-2.8-4.3-5.4--0.7-0.6-1.0-1.0-0.1.json
7.6-19.9-2.5-3.9-4.7--1.3--0.8-0.0-1.0-0.2,7.6,19.9,2.5,3.9,4.7,-1.3,-0.8,0,1,20,5121.9,1413300,17725000,1319500,8469600,724070,14196520,60,204860,277438,275.9,3460.6,257.6,1653.6,141.4,2771.7,3456870,40391120,7.6-19.9-2.5-3.9-4.7--1.3--0.8-0.0-1.0-0.2_0__Perspective.png,7.6-19.9-2.5-3.9-4.7--1.3--0.8-0.0-1.0-0.2.json
6.5-18.5-3.3-5.6-6.2--0.4-0.0-0.0-1.0-0.2,6.5,18.5,3.3,5.6,6.2,-0.4,0,0,1,20,3319,1060900,13305000,990456.5,6357700,871385,17084860,99.9,203377,255881,319.6,4008.7,298.4,1915.5,262.5,5147.6,2922742,36747560,6.5-18.5-3.3-5.6-6.2--0.4-0.0-0.0-1.0-0.2_0__Perspective.png,6.5-18.5-3.3-5.6-6.2--0.4-0.0-0.0-1.0-0.2.json
7.6-16.4-3.0-3.9-6.2--1.5-0.0-0.0-0.0-0.2,7.6,16.4,3,3.9,6.2,-1.5,0,0,0,20,3887.7,1217800,15273000,1136900,7297800,756090,14823700,97.3,213378,233707,313.2,3928.5,292.4,1877.2,194.5,3813.0,3110790,37394500,7.6-16.4-3.0-3.9-6.2--1.5-0.0-0.0-0.0-0.2_0__Perspective.png,7.6-16.4-3.0-3.9-6.2--1.5-0.0-0.0-0.0-0.2.json
8.1-15.5-3.2-5.8-4.6-0.8--0.4-0.0-2.0-0.5,8.1,15.5,3.2,5.8,4.6,0.8,-0.4,0,2,50,3720.3,1240100,15553000,1157800,7431600,888492,17437530,57.8,166975,229848,333.3,4180.6,311.2,1997.6,238.8,4687.1,3286392,40422130,8.1-15.5-3.2-5.8-4.6-0.8--0.4-0.0-2.0-0.5_0__Perspective.png,8.1-15.5-3.2-5.8-4.6-0.8--0.4-0.0-2.0-0.5.json
6.8-16.3-3.2-4.6-5.4-0.9-0.5-0.0-0.0-0.1,6.8,16.3,3.2,4.6,5.4,0.9,0.5,0,0,10,3407.5,993250.9,12457000,927290.1,5952200,656766,12876380,95.6,184969,202933,291.5,3655.8,272.1,1746.8,192.7,3778.8,2577307,31285580,6.8-16.3-3.2-4.6-5.4-0.9-0.5-0.0-0.0-0.1_0__Perspective.png,6.8-16.3-3.2-4.6-5.4-0.9-0.5-0.0-0.0-0.1.json
6.4-16.0-3.1-4.7-5.2-1.7--0.7-0.0-1.0-0.2,6.4,16,3.1,4.7,5.2,1.7,-0.7,0,1,20,3311.9,950764.5,11924000,887625.2,5697600,651175,12767300,92.9,157478,208084,287.1,3600.4,268.0,1720.3,196.6,3855.0,2489565,30388900,6.4-16.0-3.1-4.7-5.2-1.7--0.7-0.0-1.0-0.2_0__Perspective.png,6.4-16.0-3.1-4.7-5.2-1.7--0.7-0.0-1.0-0.2.json
7.0-15.3-2.5-4.4-4.0-0.2-0.8-1.0-0.0-0.4,7,15.3,2.5,4.4,4,0.2,0.8,1,0,40,3398.7,1092200,13697000,322326.1,2069000,423243,8297990,54.2,150831,180263,321.4,4030.1,94.8,608.8,124.5,2441.5,1837769,24063990,7.0-15.3-2.5-4.4-4.0-0.2-0.8-1.0-0.0-0.4_0__Perspective.png,7.0-15.3-2.5-4.4-4.0-0.2-0.8-1.0-0.0-0.4.json
6.7-19.4-3.3-5.5-5.1--1.2-0.3-0.0-1.0-0.5,6.7,19.4,3.3,5.5,5.1,-1.2,0.3,0,1,50,3902.6,1182300,14828000,1103800,7085300,688080,13490880,78,193444,251958,303.0,3799.5,282.8,1815.5,176.3,3456.9,2974180,35404180,6.7-19.4-3.3-5.5-5.1--1.2-0.3-0.0-1.0-0.5_0__Perspective.png,6.7-19.4-3.3-5.5-5.1--1.2-0.3-0.0-1.0-0.5.json
8.9-18.8-3.4-3.2-6.0-0.4-0.7-0.0-0.0-0.0,8.9,18.8,3.4,3.2,6,0.4,0.7,0,0,0,5400.6,1646700,20651000,1537300,9868000,901728,17679040,88.1,260948,295770,304.9,3823.8,284.7,1827.2,167.0,3273.5,4085728,48198040,8.9-18.8-3.4-3.2-6.0-0.4-0.7-0.0-0.0-0.0_0__Perspective.png,8.9-18.8-3.4-3.2-6.0-0.4-0.7-0.0-0.0-0.0.json
6.6-15.4-2.7-3.5-4.2--0.8--0.6-0.0-0.0-0.0,6.6,15.4,2.7,3.5,4.2,-0.8,-0.6,0,0,0,3287,838059.9,10510000,782405.2,5022200,501363,9829590,71.1,151321,174800,255.0,3197.4,238.0,1527.9,152.5,2990.4,2121828,25361790,6.6-15.4-2.7-3.5-4.2--0.8--0.6-0.0-0.0-0.0_0__Perspective.png,6.6-15.4-2.7-3.5-4.2--0.8--0.6-0.0-0.0-0.0.json
8.9-18.1-3.3-5.6-4.7-1.3--0.4-0.0-2.0-0.2,8.9,18.1,3.3,5.6,4.7,1.3,-0.4,0,2,20,5002.5,1589000,19928000,1483400,9522200,1170940,22980850,57,210228,287835,317.6,3983.6,296.5,1903.5,234.1,4593.9,4243340,52431050,8.9-18.1-3.3-5.6-4.7-1.3--0.4-0.0-2.0-0.2_0__Perspective.png,8.9-18.1-3.3-5.6-4.7-1.3--0.4-0.0-2.0-0.2.json
7.5-19.6-2.7-5.1-4.6--2.0-0.0-0.0-0.0-0.3,7.5,19.6,2.7,5.1,4.6,-2,0,0,0,30,4623.4,1329800,16677000,1241500,7968800,620217,12159810,63.2,215046,247631,287.6,3607.1,268.5,1723.6,134.1,2630.1,3191517,36805610,7.5-19.6-2.7-5.1-4.6--2.0-0.0-0.0-0.0-0.3_0__Perspective.png,7.5-19.6-2.7-5.1-4.6--2.0-0.0-0.0-0.0-0.3.json
8.2-16.1-3.1-5.3-4.5-0.6-0.2-0.0-2.0-0.1,8.2,16.1,3.1,5.3,4.5,0.6,0.2,0,2,10,3891.4,1182400,14829000,1103900,7085700,1043432,20478380,63.8,176715,239594,303.8,3810.7,283.7,1820.9,268.1,5262.5,3329732,42393080,8.2-16.1-3.1-5.3-4.5-0.6-0.2-0.0-2.0-0.1_0__Perspective.png,8.2-16.1-3.1-5.3-4.5-0.6-0.2-0.0-2.0-0.1.json
6.5-17.6-3.4-4.3-5.7--1.8--0.9-0.0-1.0-0.9,6.5,17.6,3.4,4.3,5.7,-1.8,-0.9,0,1,90,3815,1248900,15663000,1166000,7484500,617015,12097540,83,175426,236549,327.4,4105.6,305.6,1961.9,161.7,3171.0,3031915,35245040,6.5-17.6-3.4-4.3-5.7--1.8--0.9-0.0-1.0-0.9_0__Perspective.png,6.5-17.6-3.4-4.3-5.7--1.8--0.9-0.0-1.0-0.9.json
8.9-19.4-3.2-4.9-4.8--1.9--0.8-1.0-1.0-0.6,8.9,19.4,3.2,4.9,4.8,-1.9,-0.8,1,1,60,5765.2,2214100,27768000,551474.1,3539900,653615,12815140,41.6,217676,308168,384.0,4816.5,95.7,614.0,113.4,2222.8,3419189,44123040,8.9-19.4-3.2-4.9-4.8--1.9--0.8-1.0-1.0-0.6_0__Perspective.png,8.9-19.4-3.2-4.9-4.8--1.9--0.8-1.0-1.0-0.6.json
7.3-18.1-2.7-3.5-4.7-1.3-0.0-0.0-0.0-0.2,7.3,18.1,2.7,3.5,4.7,1.3,0,0,0,20,4153.5,1146600,14380000,1070500,6871400,610452,11968360,70,199187,225942,276.1,3462.1,257.7,1654.4,147.0,2881.5,2827552,33219760,7.3-18.1-2.7-3.5-4.7-1.3-0.0-0.0-0.0-0.2_0__Perspective.png,7.3-18.1-2.7-3.5-4.7-1.3-0.0-0.0-0.0-0.2.json
6.3-16.2-3.4-3.5-4.2--1.9--0.3-1.0-1.0-0.7,6.3,16.2,3.4,3.5,4.2,-1.9,-0.3,1,1,70,3275.4,1543300,19355000,363972.2,2336300,450485,8832460,54.6,140824,190342,471.2,5909.2,111.1,713.3,137.5,2696.6,2357757,30523760,6.3-16.2-3.4-3.5-4.2--1.9--0.3-1.0-1.0-0.7_0__Perspective.png,6.3-16.2-3.4-3.5-4.2--1.9--0.3-1.0-1.0-0.7.json
6.9-18.4-3.4-3.9-4.8--0.7--0.1-0.0-0.0-0.6,6.9,18.4,3.4,3.9,4.8,-0.7,-0.1,0,0,60,3796.8,1140300,14301000,1064600,6833300,551025,10803250,65.4,195521,221023,300.3,3766.6,280.4,1799.8,145.1,2845.4,2755925,31937550,6.9-18.4-3.4-3.9-4.8--0.7--0.1-0.0-0.0-0.6_0__Perspective.png,6.9-18.4-3.4-3.9-4.8--0.7--0.1-0.0-0.0-0.6.json
8.8-18.9-3.4-4.0-5.8--1.7--0.7-1.0-1.0-0.9,8.8,18.9,3.4,4,5.8,-1.7,-0.7,1,1,90,5535,2342700,29381000,671557.4,4310600,680455,13341380,58.5,225821,317967,423.3,5308.2,121.3,778.8,122.9,2410.4,3694712,47032980,8.8-18.9-3.4-4.0-5.8--1.7--0.7-1.0-1.0-0.9_0__Perspective.png,8.8-18.9-3.4-4.0-5.8--1.7--0.7-1.0-1.0-0.9.json
6.1-18.0-3.4-5.0-4.4-0.4-0.0-1.0-2.0-0.2,6.1,18,3.4,5,4.4,0.4,0,1,2,20,3028.2,1049000,13156000,316997.9,2034800,994664,19521260,86.2,164036,208519,346.4,4344.5,104.7,672.0,328.5,6446.5,2360662,34712060,6.1-18.0-3.4-5.0-4.4-0.4-0.0-1.0-2.0-0.2_0__Perspective.png,6.1-18.0-3.4-5.0-4.4-0.4-0.0-1.0-2.0-0.2.json
6.9-18.4-3.1-3.8-5.6-1.7-0.7-1.0-0.0-0.9,6.9,18.4,3.1,3.8,5.6,1.7,0.7,1,0,90,4247.8,1546200,19392000,536538.8,3444000,580041,11372130,78.5,201311,235345,364.0,4565.2,126.3,810.8,136.6,2677.2,2662780,34208130,6.9-18.4-3.1-3.8-5.6-1.7-0.7-1.0-0.0-0.9_0__Perspective.png,6.9-18.4-3.1-3.8-5.6-1.7-0.7-1.0-0.0-0.9.json
8.4-17.9-2.8-3.7-4.7-0.2--0.6-0.0-1.0-0.0,8.4,17.9,2.8,3.7,4.7,0.2,-0.6,0,1,0,4775.2,1368400,17162000,1277600,8200500,733220,14375920,64.7,202040,272850,286.6,3594.0,267.5,1717.3,153.5,3010.5,3379220,39738420,8.4-17.9-2.8-3.7-4.7-0.2--0.6-0.0-1.0-0.0_0__Perspective.png,8.4-17.9-2.8-3.7-4.7-0.2--0.6-0.0-1.0-0.0.json
6.7-17.3-3.3-4.8-5.8--0.7--0.5-1.0-1.0-0.7,6.7,17.3,3.3,4.8,5.8,-0.7,-0.5,1,1,70,3514,1339900,16804000,502158.3,3223300,664290,13024440,92.1,180191,239044,381.3,4782.0,142.9,917.3,189.0,3706.4,2506348,33051740,6.7-17.3-3.3-4.8-5.8--0.7--0.5-1.0-1.0-0.7_0__Perspective.png,6.7-17.3-3.3-4.8-5.8--0.7--0.5-1.0-1.0-0.7.json
7.5-19.5-3.2-5.1-6.4-0.5--1.0-0.0-0.0-0.8,7.5,19.5,3.2,5.1,6.4,0.5,-1,0,0,80,4703.8,1628500,20424000,1520400,9759200,729027,14293110,88.4,243811,275930,346.2,4342.0,323.2,2074.7,155.0,3038.6,3877927,44476310,7.5-19.5-3.2-5.1-6.4-0.5--1.0-0.0-0.0-0.8_0__Perspective.png,7.5-19.5-3.2-5.1-6.4-0.5--1.0-0.0-0.0-0.8.json
7.4-18.2-2.6-4.1-5.4-0.9-0.7-0.0-1.0-0.6,7.4,18.2,2.6,4.1,5.4,0.9,0.7,0,1,60,4419.1,1362100,17082000,1271600,8162600,677710,13287560,70.4,194489,262415,308.2,3865.5,287.8,1847.1,153.4,3006.8,3311410,38532160,7.4-18.2-2.6-4.1-5.4-0.9-0.7-0.0-1.0-0.6_0__Perspective.png,7.4-18.2-2.6-4.1-5.4-0.9-0.7-0.0-1.0-0.6.json
6.8-17.6-3.1-3.4-4.3-0.6-0.4-1.0-1.0-0.6,6.8,17.6,3.1,3.4,4.3,0.6,0.4,1,1,60,3753.6,1629300,20434000,373339.2,2396400,518195,10160020,52.7,162301,219566,434.1,5443.8,99.5,638.4,138.1,2706.7,2520834,32990420,6.8-17.6-3.1-3.4-4.3-0.6-0.4-1.0-1.0-0.6_0__Perspective.png,6.8-17.6-3.1-3.4-4.3-0.6-0.4-1.0-1.0-0.6.json
6.6-18.4-3.0-5.8-6.0--0.1--0.8-0.0-2.0-0.9,6.6,18.4,3,5.8,6,-0.1,-0.8,0,2,90,3696.5,1296800,16263000,1210700,7771200,1129792,22173280,91.8,190423,253746,350.8,4399.6,327.5,2102.3,305.6,5998.5,3637292,46207480,6.6-18.4-3.0-5.8-6.0--0.1--0.8-0.0-2.0-0.9_0__Perspective.png,6.6-18.4-3.0-5.8-6.0--0.1--0.8-0.0-2.0-0.9.json
7.2-19.3-2.9-5.3-4.8-0.3--0.1-1.0-1.0-0.9,7.2,19.3,2.9,5.3,4.8,0.3,-0.1,1,1,90,4052.3,2136700,26797000,513162.5,3294000,570045,11176620,65.9,197586,257970,527.3,6612.8,126.6,812.9,140.7,2758.1,3219908,41267620,7.2-19.3-2.9-5.3-4.8-0.3--0.1-1.0-1.0-0.9_0__Perspective.png,7.2-19.3-2.9-5.3-4.8-0.3--0.1-1.0-1.0-0.9.json
6.9-18.9-3.1-3.5-4.3--1.9--0.8-1.0-1.0-0.9,6.9,18.9,3.1,3.5,4.3,-1.9,-0.8,1,1,90,4467,1525900,19137000,455981.7,2926900,499590,9795240,46.7,170198,237566,341.6,4284.1,102.1,655.2,111.8,2192.8,2481472,31859140,6.9-18.9-3.1-3.5-4.3--1.9--0.8-1.0-1.0-0.9_0__Perspective.png,6.9-18.9-3.1-3.5-4.3--1.9--0.8-1.0-1.0-0.9.json
7.2-17.8-3.0-3.3-4.2-0.8-0.4-1.0-1.0-0.5,7.2,17.8,3,3.3,4.2,0.8,0.4,1,1,50,4085.8,1276100,16004000,366914.2,2355200,533140,10453040,49.6,168131,230246,312.3,3917.0,89.8,576.4,130.5,2558.4,2176154,28812240,7.2-17.8-3.0-3.3-4.2-0.8-0.4-1.0-1.0-0.5_0__Perspective.png,7.2-17.8-3.0-3.3-4.2-0.8-0.4-1.0-1.0-0.5.json
8.6-18.9-2.7-3.2-6.2-0.6-0.2-0.0-2.0-0.7,8.6,18.9,2.7,3.2,6.2,0.6,0.2,0,2,70,5136.5,1756000,22022000,1639400,10523000,1315720,25822300,71.5,238020,319052,341.9,4287.4,319.2,2048.7,256.2,5027.2,4711120,58367300,8.6-18.9-2.7-3.2-6.2-0.6-0.2-0.0-2.0-0.7_0__Perspective.png,8.6-18.9-2.7-3.2-6.2-0.6-0.2-0.0-2.0-0.7.json
6.5-17.1-2.9-3.3-6.1-1.3--0.6-0.0-1.0-0.4,6.5,17.1,2.9,3.3,6.1,1.3,-0.6,0,1,40,3680.9,1094500,13726000,1021800,6558900,759755,14896180,98.1,182881,237391,297.3,3729.0,277.6,1781.9,206.4,4046.9,2876055,35181080,6.5-17.1-2.9-3.3-6.1-1.3--0.6-0.0-1.0-0.4_0__Perspective.png,6.5-17.1-2.9-3.3-6.1-1.3--0.6-0.0-1.0-0.4.json
7.1-19.7-3.2-5.7-5.4--1.0--0.4-1.0-2.0-0.3,7.1,19.7,3.2,5.7,5.4,-1,-0.4,1,2,30,4242.1,1899100,23817000,450783.2,2893600,1315720,25822300,86.5,206916,272747,447.7,5614.4,106.3,682.1,310.2,6087.2,3665603,52532900,7.1-19.7-3.2-5.7-5.4--1.0--0.4-1.0-2.0-0.3_0__Perspective.png,7.1-19.7-3.2-5.7-5.4--1.0--0.4-1.0-2.0-0.3.json
6.9-18.0-3.2-4.4-4.9--1.2--0.4-1.0-2.0-0.4,6.9,18,3.2,4.4,4.9,-1.2,-0.4,1,2,40,3883.8,1720500,21577000,398094,2555300,1071372,21026730,72.9,178575,237373,443.0,5555.6,102.5,657.9,275.9,5414.0,3189966,45159030,6.9-18.0-3.2-4.4-4.9--1.2--0.4-1.0-2.0-0.4_0__Perspective.png,6.9-18.0-3.2-4.4-4.9--1.2--0.4-1.0-2.0-0.4.json
7.6-15.8-3.2-5.4-4.7-0.8--0.4-0.0-2.0-0.3,7.6,15.8,3.2,5.4,4.7,0.8,-0.4,0,2,30,3579.5,1115400,13989000,1041400,6684400,980440,19242100,68.9,165977,224355,311.6,3908.1,290.9,1867.4,273.9,5375.6,3137240,39915500,7.6-15.8-3.2-5.4-4.7-0.8--0.4-0.0-2.0-0.3_0__Perspective.png,7.6-15.8-3.2-5.4-4.7-0.8--0.4-0.0-2.0-0.3.json
7.3-18.1-2.7-3.5-4.7-1.3-0.7-0.0-1.0-0.0,7.3,18.1,2.7,3.5,4.7,1.3,0.7,0,1,0,4435.8,1173700,14720000,1095700,7033500,707905,13879580,71.1,184000,247675,264.6,3318.5,247.0,1585.6,159.6,3129.0,2977305,35633080,7.3-18.1-2.7-3.5-4.7-1.3-0.7-0.0-1.0-0.0_0__Perspective.png,7.3-18.1-2.7-3.5-4.7-1.3-0.7-0.0-1.0-0.0.json
7.9-16.6-2.7-5.2-5.6--1.4-0.0-1.0-2.0-0.6,7.9,16.6,2.7,5.2,5.6,-1.4,0,1,2,60,4012.6,1630300,20446000,506908.4,3253800,1093216,21455440,73.6,189060,256857,406.3,5095.4,126.3,810.9,272.4,5347.0,3230424,45155240,7.9-16.6-2.7-5.2-5.6--1.4-0.0-1.0-2.0-0.6_0__Perspective.png,7.9-16.6-2.7-5.2-5.6--1.4-0.0-1.0-2.0-0.6.json
8.4-15.5-3.3-4.1-4.4--1.1--0.5-0.0-1.0-0.4,8.4,15.5,3.3,4.1,4.4,-1.1,-0.5,0,1,40,4128,1301400,16321000,1215000,7798900,535885,10506860,47.2,168127,233803,315.3,3953.7,294.3,1889.3,129.8,2545.3,3052285,34626760,8.4-15.5-3.3-4.1-4.4--1.1--0.5-0.0-1.0-0.4_0__Perspective.png,8.4-15.5-3.3-4.1-4.4--1.1--0.5-0.0-1.0-0.4.json
7.9-18.0-2.9-3.2-5.8-0.2--0.7-1.0-0.0-0.5,7.9,18,2.9,3.2,5.8,0.2,-0.7,1,0,50,4590.4,1416300,17762000,468991.4,3010400,690525,13538250,90.4,229756,256041,308.5,3869.4,102.2,655.8,150.4,2949.3,2575816,34310650,7.9-18.0-2.9-3.2-5.8-0.2--0.7-1.0-0.0-0.5_0__Perspective.png,7.9-18.0-2.9-3.2-5.8-0.2--0.7-1.0-0.0-0.5.json
6.3-16.2-3.3-4.9-4.4--1.0-0.0-0.0-2.0-0.6,6.3,16.2,3.3,4.9,4.4,-1,0,0,2,60,2899.7,885306.1,11103000,826513.8,5305400,813816,15971940,64.6,146155,193429,305.3,3829.0,285.0,1829.6,280.7,5508.1,2525636,32380340,6.3-16.2-3.3-4.9-4.4--1.0-0.0-0.0-2.0-0.6_0__Perspective.png,6.3-16.2-3.3-4.9-4.4--1.0-0.0-0.0-2.0-0.6.json
8.4-17.9-3.1-3.2-5.5-1.0-0.5-0.0-1.0-0.2,8.4,17.9,3.1,3.2,5.5,1,0.5,0,1,20,4898.5,1482700,18595000,1384200,8885200,803065,15745340,77.6,213598,286978,302.7,3796.1,282.6,1813.9,163.9,3214.3,3669965,43225540,8.4-17.9-3.1-3.2-5.5-1.0-0.5-0.0-1.0-0.2_0__Perspective.png,8.4-17.9-3.1-3.2-5.5-1.0-0.5-0.0-1.0-0.2.json
8.1-17.2-2.7-5.6-6.3--0.3--0.2-0.0-1.0-0.9,8.1,17.2,2.7,5.6,6.3,-0.3,-0.2,0,1,90,4113.8,1583500,19859000,1478300,9489400,672830,13191880,74.8,209175,281877,384.9,4827.4,359.4,2306.7,163.6,3206.7,3734630,42540280,8.1-17.2-2.7-5.6-6.3--0.3--0.2-0.0-1.0-0.9_0__Perspective.png,8.1-17.2-2.7-5.6-6.3--0.3--0.2-0.0-1.0-0.9.json
8.9-19.5-3.0-4.5-4.6--2.0--0.9-1.0-1.0-0.5,8.9,19.5,3,4.5,4.6,-2,-0.9,1,1,50,5926.8,2271900,28493000,509518.7,3270600,653310,12809160,40.4,215234,305757,383.3,4807.5,86.0,551.8,110.2,2161.2,3434729,44572760,8.9-19.5-3.0-4.5-4.6--2.0--0.9-1.0-1.0-0.5_0__Perspective.png,8.9-19.5-3.0-4.5-4.6--2.0--0.9-1.0-1.0-0.5.json
7.2-15.3-2.7-5.1-5.5-0.3--0.6-0.0-2.0-0.5,7.2,15.3,2.7,5.1,5.5,0.3,-0.6,0,2,50,3352.3,1111800,13944000,1038000,6662900,1026668,20149370,81.7,165317,221377,331.7,4159.5,309.6,1987.6,306.3,6010.6,3176468,40756270,7.2-15.3-2.7-5.1-5.5-0.3--0.6-0.0-2.0-0.5_0__Perspective.png,7.2-15.3-2.7-5.1-5.5-0.3--0.6-0.0-2.0-0.5.json
8.5-18.3-2.9-3.9-5.7--0.8--0.6-0.0-1.0-0.8,8.5,18.3,2.9,3.9,5.7,-0.8,-0.6,0,1,80,5030.9,1728400,21676000,1613600,10358000,676185,13257660,61.5,217133,298414,343.6,4308.6,320.7,2058.9,134.4,2635.2,4018185,45291660,8.5-18.3-2.9-3.9-5.7--0.8--0.6-0.0-1.0-0.8_0__Perspective.png,8.5-18.3-2.9-3.9-5.7--0.8--0.6-0.0-1.0-0.8.json
7.6-16.8-2.6-4.5-5.2-1.0--0.8-0.0-0.0-0.4,7.6,16.8,2.6,4.5,5.2,1,-0.8,0,0,40,4197.1,1281600,16072000,1196400,7679900,602640,11815200,69.5,194921,226162,305.4,3829.3,285.1,1829.8,143.6,2815.1,3080640,35567100,7.6-16.8-2.6-4.5-5.2-1.0--0.8-0.0-0.0-0.4_0__Perspective.png,7.6-16.8-2.6-4.5-5.2-1.0--0.8-0.0-0.0-0.4.json
6.9-16.0-3.1-3.5-5.2--1.2--1.0-0.0-1.0-0.5,6.9,16,3.1,3.5,5.2,-1.2,-1,0,1,50,3739.5,1117500,14015000,1043300,6696900,599935,11762660,71,160301,219455,298.8,3747.8,279.0,1790.9,160.4,3145.5,2760735,32474560,6.9-16.0-3.1-3.5-5.2--1.2--1.0-0.0-1.0-0.5_0__Perspective.png,6.9-16.0-3.1-3.5-5.2--1.2--1.0-0.0-1.0-0.5.json
6.4-17.0-2.7-3.4-5.9-1.4-0.3-0.0-0.0-0.7,6.4,17,2.7,3.4,5.9,1.4,0.3,0,0,70,3515.2,1101500,13815000,1028400,6601100,605709,11875370,96.3,191621,208720,313.4,3930.1,292.6,1877.9,172.3,3378.3,2735609,32291470,6.4-17.0-2.7-3.4-5.9-1.4-0.3-0.0-0.0-0.7_0__Perspective.png,6.4-17.0-2.7-3.4-5.9-1.4-0.3-0.0-0.0-0.7.json
6.9-18.0-2.6-4.8-4.4-0.3-0.4-0.0-2.0-0.4,6.9,18,2.6,4.8,4.4,0.3,0.4,0,2,40,3794.6,1077900,13518000,1006300,6459400,962152,18883180,62.5,171498,228705,284.1,3562.4,265.2,1702.3,253.6,4976.3,3046352,38860580,6.9-18.0-2.6-4.8-4.4-0.3-0.4-0.0-2.0-0.4_0__Perspective.png,6.9-18.0-2.6-4.8-4.4-0.3-0.4-0.0-2.0-0.4.json
7.7-19.2-3.1-3.2-4.7-0.1-0.1-1.0-2.0-0.5,7.7,19.2,3.1,3.2,4.7,0.1,0.1,1,2,50,4477.8,2061500,25853000,413229,2652500,1070356,21006790,63.7,206465,268912,460.4,5773.6,92.3,592.4,239.0,4691.3,3545085,49512290,7.7-19.2-3.1-3.2-4.7-0.1-0.1-1.0-2.0-0.5_0__Perspective.png,7.7-19.2-3.1-3.2-4.7-0.1-0.1-1.0-2.0-0.5.json
7.5-18.8-2.7-3.7-4.2-0.9-0.3-0.0-1.0-0.4,7.5,18.8,2.7,3.7,4.2,0.9,0.3,0,1,40,4483.2,1260200,15805000,1176500,7552000,580415,11379940,49.2,185702,250217,281.1,3525.4,262.4,1684.5,129.5,2538.4,3017115,34736940,7.5-18.8-2.7-3.7-4.2-0.9-0.3-0.0-1.0-0.4_0__Perspective.png,7.5-18.8-2.7-3.7-4.2-0.9-0.3-0.0-1.0-0.4.json
6.8-16.4-2.6-5.4-5.0--0.2-0.1-0.0-2.0-0.3,6.8,16.4,2.6,5.4,5,-0.2,0.1,0,2,30,3190.9,968421.4,12145000,904109.6,5803400,1044956,20508290,86.4,166561,217363,303.5,3806.1,283.3,1818.7,327.5,6427.1,2917487,38456690,6.8-16.4-2.6-5.4-5.0--0.2-0.1-0.0-2.0-0.3_0__Perspective.png,6.8-16.4-2.6-5.4-5.0--0.2-0.1-0.0-2.0-0.3.json
6.8-16.8-2.9-4.0-4.6-0.8--0.4-0.0-2.0-0.5,6.8,16.8,2.9,4,4.6,0.8,-0.4,0,2,50,3568.6,1037100,13007000,968271.6,6215300,917956,18015790,65.9,161580,215572,290.6,3644.8,271.3,1741.7,257.2,5048.4,2923328,37238090,6.8-16.8-2.9-4.0-4.6-0.8--0.4-0.0-2.0-0.5_0__Perspective.png,6.8-16.8-2.9-4.0-4.6-0.8--0.4-0.0-2.0-0.5.json
6.5-16.2-3.3-4.8-4.2--1.0--0.4-0.0-2.0-0.7,6.5,16.2,3.3,4.8,4.2,-1,-0.4,0,2,70,3164.6,958224.7,12017000,894590,5742300,752856,14775540,57.8,144432,195041,302.8,3797.3,282.7,1814.5,237.9,4669.0,2605671,32534840,6.5-16.2-3.3-4.8-4.2--1.0--0.4-0.0-2.0-0.7_0__Perspective.png,6.5-16.2-3.3-4.8-4.2--1.0--0.4-0.0-2.0-0.7.json
7.9-17.2-2.8-5.3-4.6-1.5-0.7-0.0-1.0-0.5,7.9,17.2,2.8,5.3,4.6,1.5,0.7,0,1,50,4421.4,1374900,17243000,1283600,8239300,577060,11314160,52.1,179726,247893,311.0,3899.9,290.3,1863.5,130.5,2559.0,3235560,36796460,7.9-17.2-2.8-5.3-4.6-1.5-0.7-0.0-1.0-0.5_0__Perspective.png,7.9-17.2-2.8-5.3-4.6-1.5-0.7-0.0-1.0-0.5.json
8.8-16.5-2.5-5.6-6.2-0.2-0.3-0.0-0.0-0.9,8.8,16.5,2.5,5.6,6.2,0.2,0.3,0,0,90,4358,1713900,21494000,1600100,10271000,584505,11459650,68.9,223736,267503,393.3,4932.1,367.2,2356.8,134.1,2629.6,3898505,43224650,8.8-16.5-2.5-5.6-6.2-0.2-0.3-0.0-0.0-0.9_0__Perspective.png,8.8-16.5-2.5-5.6-6.2-0.2-0.3-0.0-0.0-0.9.json
7.7-16.6-2.7-4.9-5.8-1.8-0.1-0.0-0.0-0.4,7.7,16.6,2.7,4.9,5.8,1.8,0.1,0,0,40,4035,1309000,16417000,1222100,7844400,667647,13089710,87.7,208490,233618,324.4,4068.6,302.9,1944.1,165.5,3244.0,3198747,37351110,7.7-16.6-2.7-4.9-5.8-1.8-0.1-0.0-0.0-0.4_0__Perspective.png,7.7-16.6-2.7-4.9-5.8-1.8-0.1-0.0-0.0-0.4.json
6.9-16.7-3.1-4.2-5.7-0.9--0.6-1.0-1.0-0.6,6.9,16.7,3.1,4.2,5.7,0.9,-0.6,1,1,60,3647.3,1348200,16908000,462882.1,2971200,657885,12898860,89,175200,235018,369.6,4635.8,126.9,814.6,180.4,3536.6,2468967,32778060,6.9-16.7-3.1-4.2-5.7-0.9--0.6-1.0-1.0-0.6_0__Perspective.png,6.9-16.7-3.1-4.2-5.7-0.9--0.6-1.0-1.0-0.6.json
6.8-17.9-3.0-3.7-4.4-0.5-0.3-1.0-1.0-0.6,6.8,17.9,3,3.7,4.4,0.5,0.3,1,1,60,3746.7,1651300,20709000,382203.5,2453300,538020,10548720,57.5,167235,224362,440.7,5527.3,102.0,654.8,143.6,2815.5,2571524,33711020,6.8-17.9-3.0-3.7-4.4-0.5-0.3-1.0-1.0-0.6_0__Perspective.png,6.8-17.9-3.0-3.7-4.4-0.5-0.3-1.0-1.0-0.6.json
8.7-17.5-3.3-3.4-5.2--0.3-0.5-0.0-1.0-0.0,8.7,17.5,3.3,3.4,5.2,-0.3,0.5,0,1,0,4782,1428500,17915000,1333600,8560200,807945,15841020,74.4,211502,284172,298.7,3746.3,278.9,1790.1,169.0,3312.6,3570045,42316220,8.7-17.5-3.3-3.4-5.2--0.3-0.5-0.0-1.0-0.0_0__Perspective.png,8.7-17.5-3.3-3.4-5.2--0.3-0.5-0.0-1.0-0.0.json
6.9-18.4-3.4-3.9-5.7--0.7--0.5-1.0-1.0-0.7,6.9,18.4,3.4,3.9,5.7,-0.7,-0.5,1,1,70,3966.7,1411000,17695000,498056.1,3197000,692045,13568620,89.9,193152,256265,355.7,4460.9,125.6,806.0,174.5,3420.6,2601101,34460620,6.9-18.4-3.4-3.9-5.7--0.7--0.5-1.0-1.0-0.7_0__Perspective.png,6.9-18.4-3.4-3.9-5.7--0.7--0.5-1.0-1.0-0.7.json
7.9-17.6-2.6-3.2-4.6--1.4--0.6-1.0-2.0-0.5,7.9,17.6,2.6,3.2,4.6,-1.4,-0.6,1,2,50,4681.8,1724000,21622000,408729.6,2623600,979424,19222160,46.4,181671,252766,368.2,4618.3,87.3,560.4,209.2,4105.7,3112154,43467760,7.9-17.6-2.6-3.2-4.6--1.4--0.6-1.0-2.0-0.5_0__Perspective.png,7.9-17.6-2.6-3.2-4.6--1.4--0.6-1.0-2.0-0.5.json
7.9-15.3-2.8-3.6-5.7--1.4--0.2-0.0-0.0-0.2,7.9,15.3,2.8,3.6,5.7,-1.4,-0.2,0,0,20,3877.4,1195600,14994000,1116200,7164700,668484,13106120,90.4,195757,219888,308.4,3867.0,287.9,1847.8,172.4,3380.1,2980284,35264820,7.9-15.3-2.8-3.6-5.7--1.4--0.2-0.0-0.0-0.2_0__Perspective.png,7.9-15.3-2.8-3.6-5.7--1.4--0.2-0.0-0.0-0.2.json
6.4-16.0-3.3-4.7-4.0--0.9--0.2-0.0-2.0-0.7,6.4,16,3.3,4.7,4,-0.9,-0.2,0,2,70,2991.2,896539.7,11244000,837001.4,5372600,708152,13898180,56.2,139393,187147,299.7,3759.0,279.8,1796.1,236.7,4646.4,2441693,30514780,6.4-16.0-3.3-4.7-4.0--0.9--0.2-0.0-2.0-0.7_0__Perspective.png,6.4-16.0-3.3-4.7-4.0--0.9--0.2-0.0-2.0-0.7.json
7.9-15.3-2.9-5.0-4.1-1.4--0.2-1.0-0.0-0.2,7.9,15.3,2.9,5,4.1,1.4,-0.2,1,0,20,3736,1890000,23703000,332011.9,2131200,480996,9430280,52.2,164586,200895,505.9,6344.5,88.9,570.4,128.7,2524.2,2703008,35264480,7.9-15.3-2.9-5.0-4.1-1.4--0.2-1.0-0.0-0.2_0__Perspective.png,7.9-15.3-2.9-5.0-4.1-1.4--0.2-1.0-0.0-0.2.json
8.6-16.8-2.9-5.1-4.8-1.1--0.7-0.0-1.0-0.1,8.6,16.8,2.9,5.1,4.8,1.1,-0.7,0,1,10,4640.9,1421300,17824000,1326900,8517100,698450,13694200,63.4,192492,264777,306.3,3840.6,285.9,1835.2,150.5,2950.8,3446650,40035300,8.6-16.8-2.9-5.1-4.8-1.1--0.7-0.0-1.0-0.1_0__Perspective.png,8.6-16.8-2.9-5.1-4.8-1.1--0.7-0.0-1.0-0.1.json
8.1-16.7-3.0-4.8-4.2--1.5--0.1-0.0-1.0-0.6,8.1,16.7,3,4.8,4.2,-1.5,-0.1,0,1,60,4195.9,1325100,16619000,1237100,7941000,496540,9735440,41.3,173729,238317,315.8,3960.8,294.8,1892.6,118.3,2320.2,3058740,34295440,8.1-16.7-3.0-4.8-4.2--1.5--0.1-0.0-1.0-0.6_0__Perspective.png,8.1-16.7-3.0-4.8-4.2--1.5--0.1-0.0-1.0-0.6.json
6.9-15.8-2.5-4.3-5.5--0.2--0.8-0.0-2.0-0.4,6.9,15.8,2.5,4.3,5.5,-0.2,-0.8,0,2,40,3477.3,1063300,13335000,992675.7,6371900,1083056,21256040,92,164752,221486,305.8,3834.9,285.5,1832.4,311.5,6112.8,3139032,40962940,6.9-15.8-2.5-4.3-5.5--0.2--0.8-0.0-2.0-0.4_0__Perspective.png,6.9-15.8-2.5-4.3-5.5--0.2--0.8-0.0-2.0-0.4.json
7.8-15.2-3.0-4.3-5.7-1.6--0.4-0.0-1.0-0.1,7.8,15.2,3,4.3,5.7,1.6,-0.4,0,1,10,3811.2,1169500,14667000,1091800,7008300,751215,14728740,92.7,178001,239076,306.9,3848.4,286.5,1838.9,197.1,3864.6,3012515,36404040,7.8-15.2-3.0-4.3-5.7-1.6--0.4-0.0-1.0-0.1_0__Perspective.png,7.8-15.2-3.0-4.3-5.7-1.6--0.4-0.0-1.0-0.1.json
6.2-17.5-3.3-4.8-4.9-0.1--0.2-1.0-2.0-0.2,6.2,17.5,3.3,4.8,4.9,0.1,-0.2,1,2,20,3063.5,1539000,19301000,333931.9,2143400,1087120,21335800,97.7,169309,213968,502.4,6300.3,109.0,699.7,354.9,6964.5,2960052,42780200,6.2-17.5-3.3-4.8-4.9-0.1--0.2-1.0-2.0-0.2_0__Perspective.png,6.2-17.5-3.3-4.8-4.9-0.1--0.2-1.0-2.0-0.2.json
6.7-18.6-2.7-4.2-5.6-0.4--0.7-1.0-1.0-0.0,6.7,18.6,2.7,4.2,5.6,0.4,-0.7,1,1,0,3995,1237200,15517000,332194.3,2132300,840275,16474900,100,199083,253384,309.7,3884.1,83.2,533.7,210.3,4123.9,2409669,34124200,6.7-18.6-2.7-4.2-5.6-0.4--0.7-1.0-1.0-0.0_0__Perspective.png,6.7-18.6-2.7-4.2-5.6-0.4--0.7-1.0-1.0-0.0.json
6.9-15.6-2.5-3.2-6.2-0.0--0.9-0.0-1.0-0.5,6.9,15.6,2.5,3.2,6.2,0,-0.9,0,1,50,3525.4,1106900,13882000,1033400,6633300,700585,13736060,96.3,170994,230486,314.0,3937.7,293.1,1881.6,198.7,3896.3,2840885,34251360,6.9-15.6-2.5-3.2-6.2-0.0--0.9-0.0-1.0-0.5_0__Perspective.png,6.9-15.6-2.5-3.2-6.2-0.0--0.9-0.0-1.0-0.5.json
6.9-18.6-3.1-4.0-5.4-1.7-0.7-1.0-0.0-0.8,6.9,18.6,3.1,4,5.4,1.7,0.7,1,0,80,4275.5,1572500,19721000,509063.6,3267600,585342,11476060,74.5,200595,234447,367.8,4612.6,119.1,764.3,136.9,2684.1,2666906,34464660,6.9-18.6-3.1-4.0-5.4-1.7-0.7-1.0-0.0-0.8_0__Perspective.png,6.9-18.6-3.1-4.0-5.4-1.7-0.7-1.0-0.0-0.8.json
7.2-16.8-3.3-4.9-6.0--1.2--0.8-0.0-0.0-0.5,7.2,16.8,3.3,4.9,6,-1.2,-0.8,0,0,50,3860.2,1278200,16030000,1193300,7659700,664020,13018600,92.3,201280,227931,331.1,4152.6,309.1,1984.3,172.0,3372.5,3135520,36708300,7.2-16.8-3.3-4.9-6.0--1.2--0.8-0.0-0.0-0.5_0__Perspective.png,7.2-16.8-3.3-4.9-6.0--1.2--0.8-0.0-0.0-0.5.json
6.7-19.4-3.2-5.5-5.1--1.2-0.1-0.0-1.0-0.4,6.7,19.4,3.2,5.5,5.1,-1.2,0.1,0,1,40,3832.8,1143900,14346000,1068000,6855100,708210,13885560,81.3,194519,251967,298.5,3743.0,278.6,1788.5,184.8,3622.8,2920110,35086660,6.7-19.4-3.2-5.5-5.1--1.2-0.1-0.0-1.0-0.4_0__Perspective.png,6.7-19.4-3.2-5.5-5.1--1.2-0.1-0.0-1.0-0.4.json
