Name,in:Top of Handle,in:Bottom of Handle,in:Length of Handle,in:Radius of Mug,in:Height of Mug,out:Volume of Liquid,out:Weight of Mug,out:Ratio of Mug to Handle,out:Ratio of Mug to Liquid,img:Image Name,threeD
0.6564-0.1333-0.3305-1.1095-1.878,0.6564,0.1333,0.3305,1.1095,1.878,4.361,0.243,0.016,0.672,Frame_00000.bmp,d3_0.json
0.6564-0.1333-0.3305-1.1095-1.878,0.6564,0.1333,0.3305,1.1095,1.878,4.361,0.243,0.016,0.672,Frame_00001.bmp,d3_1.json
0.7276-0.2077-1.01825-1.9311-1.426,0.7276,0.2077,1.01825,1.9311,1.426,11.542,0.442,0.038,0.463,Frame_00002.bmp,d3_2.json
0.6848-0.3931-1.69025-1.4696-1.369,0.6848,0.3931,1.69025,1.4696,1.369,5.92,0.316,0.137,0.645,Frame_00003.bmp,d3_3.json
0.546-0.3763-1.58875-1.1485-1.671,0.546,0.3763,1.58875,1.1485,1.671,4.158,0.261,0.145,0.759,Frame_00004.bmp,d3_4.json
0.6744-0.3229-0.45475-1.5385-1.28,0.6744,0.3229,0.45475,1.5385,1.28,6.079,0.287,0.013,0.571,Frame_00005.bmp,d3_5.json
0.7704-0.2317-1.83725-0.9366-1.982,0.7704,0.2317,1.83725,0.9366,1.982,3.038,0.248,0.248,0.988,Frame_00006.bmp,d3_6.json
0.6488-0.2407-1.72525-1.0094-1.025,0.6488,0.2407,1.72525,1.0094,1.025,1.698,0.17,0.303,1.207,Frame_00007.bmp,d3_7.json
0.8484-0.2737-1.37875-0.9782-1.84,0.8484,0.2737,1.37875,0.9782,1.84,3.12,0.228,0.151,0.882,Frame_00008.bmp,d3_8.json
0.6392-0.3874-1.1425-1.2096-1.127,0.6392,0.3874,1.1425,1.2096,1.127,2.968,0.2,0.095,0.813,Frame_00009.bmp,d3_9.json
0.644-0.3157-1.23175-1.4163-1.572,0.644,0.3157,1.23175,1.4163,1.572,6.377,0.312,0.073,0.592,Frame_00010.bmp,d3_10.json
0.5116-0.2563-0.873-1.168-1.444,0.5116,0.2563,0.873,1.168,1.444,3.662,0.219,0.051,0.722,Frame_00011.bmp,d3_11.json
0.8224-0.1471-1.8495-1.1966-1.588,0.8224,0.1471,1.8495,1.1966,1.588,4.331,0.281,0.216,0.784,Frame_00012.bmp,d3_12.json
0.552-0.2353-0.69975-1.9545-1.054,0.552,0.2353,0.69975,1.9545,1.054,8.259,0.369,0.019,0.541,Frame_00013.bmp,d3_13.json
0.8968-0.1402-1.272-1.4371-1.498,0.8968,0.1402,1.272,1.4371,1.498,6.241,0.313,0.094,0.606,Frame_00014.bmp,d3_14.json
0.714-0.1825-1.2125-1.3565-1.323,0.714,0.1825,1.2125,1.3565,1.323,4.719,0.263,0.089,0.673,Frame_00015.bmp,d3_15.json
0.6912-0.1699-1.517-1.3734-1.92,0.6912,0.1699,1.517,1.3734,1.92,7.44,0.359,0.107,0.583,Frame_00016.bmp,d3_16.json
0.8824-0.3634-0.873-1.4917-1.953,0.8824,0.3634,0.873,1.4917,1.953,9.189,0.382,0.038,0.502,Frame_00017.bmp,d3_17.json
0.8404-0.1336-1.0935-1.7322-1.218,0.8404,0.1336,1.0935,1.7322,1.218,7.508,0.346,0.058,0.557,Frame_00018.bmp,d3_18.json
0.7852-0.2995-0.7085-1.5138-1.71,0.7852,0.2995,0.7085,1.5138,1.71,8.188,0.349,0.028,0.515,Frame_00019.bmp,d3_19.json
0.8584-0.3103-1.202-1.1394-1.134,0.8584,0.3103,1.202,1.1394,1.134,2.589,0.188,0.124,0.877,Frame_00020.bmp,d3_20.json
0.59-0.1405-1.9895-0.7689-1.037,0.59,0.1405,1.9895,0.7689,1.037,0.851,0.141,0.593,1.995,Frame_00021.bmp,d3_21.json
0.8012-0.391-1.73925-0.7481-1.966,0.8012,0.391,1.73925,0.7481,1.966,1.667,0.189,0.289,1.373,Frame_00022.bmp,d3_22.json
0.7292-0.2299-0.943-1.3006-1.632,0.7292,0.2299,0.943,1.3006,1.632,5.449,0.28,0.055,0.621,Frame_00023.bmp,d3_23.json
0.6008-0.1285-1.38225-0.7156-1.202,0.6008,0.1285,1.38225,0.7156,1.202,0.837,0.116,0.293,1.677,Frame_00024.bmp,d3_24.json
0.8516-0.2953-1.63075-1.1524-1.784,0.8516,0.2953,1.63075,1.1524,1.784,4.514,0.28,0.163,0.75,Frame_00025.bmp,d3_25.json
0.848-0.1039-1.867-1.7322-1.426,0.848,0.1039,1.867,1.7322,1.426,9.042,0.413,0.14,0.552,Frame_00026.bmp,d3_26.json
0.8108-0.3064-0.9255-1.1979-1.695,0.8108,0.3064,0.9255,1.1979,1.695,4.677,0.258,0.059,0.667,Frame_00027.bmp,d3_27.json
0.8284-0.3652-0.78025-1.4436-1.199,0.8284,0.3652,0.78025,1.4436,1.199,4.854,0.256,0.038,0.638,Frame_00028.bmp,d3_28.json
0.8524-0.1783-1.02875-1.7764-1.645,0.8524,0.1783,1.02875,1.7764,1.645,11.281,0.433,0.046,0.464,Frame_00029.bmp,d3_29.json
0.612-0.1804-1.65-1.9909-1.458,0.612,0.1804,1.65,1.9909,1.458,12.676,0.49,0.083,0.467,Frame_00030.bmp,d3_30.json
0.8204-0.1159-1.181-0.8755-1.255,0.8204,0.1159,1.181,0.8755,1.255,1.512,0.145,0.175,1.161,Frame_00031.bmp,d3_31.json
0.7296-0.2035-1.37875-1.0484-1.167,0.7296,0.2035,1.37875,1.0484,1.167,2.187,0.178,0.175,0.984,Frame_00032.bmp,d3_32.json
0.796-0.1135-0.34975-1.493-1.188,0.796,0.1135,0.34975,1.493,1.188,5.189,0.261,0.014,0.608,Frame_00033.bmp,d3_33.json
0.8536-0.1138-0.27275-1.6958-1.811,0.8536,0.1138,0.27275,1.6958,1.811,11.324,0.419,0.01,0.447,Frame_00034.bmp,d3_34.json
0.6472-0.3373-0.3795-1.7569-1.321,0.6472,0.3373,0.3795,1.7569,1.321,8.536,0.355,0.007,0.503,Frame_00035.bmp,d3_35.json
0.7472-0.1618-1.93175-1.6139-1.504,0.7472,0.1618,1.93175,1.6139,1.504,8.19,0.392,0.155,0.578,Frame_00036.bmp,d3_36.json
0.7404-0.1636-1.8775-1.1368-1.625,0.7404,0.1636,1.8775,1.1368,1.625,3.929,0.27,0.229,0.829,Frame_00037.bmp,d3_37.json
0.7892-0.1468-0.6875-0.8664-1.12,0.7892,0.1468,0.6875,0.8664,1.12,1.284,0.119,0.075,1.125,Frame_00038.bmp,d3_38.json
0.69-0.1714-0.3095-1.2265-1.458,0.69,0.1714,0.3095,1.2265,1.458,4.164,0.227,0.013,0.66,Frame_00039.bmp,d3_39.json
0.834-0.1609-1.7095-1.5307-1.76,0.834,0.1609,1.7095,1.5307,1.76,8.678,0.397,0.127,0.552,Frame_00040.bmp,d3_40.json
0.5932-0.1765-0.30775-0.9366-1.089,0.5932,0.1765,0.30775,0.9366,1.089,1.515,0.124,0.016,0.99,Frame_00041.bmp,d3_41.json
0.5036-0.3937-1.50825-1.7569-1.636,0.5036,0.3937,1.50825,1.7569,1.636,10.935,0.437,0.073,0.483,Frame_00042.bmp,d3_42.json
0.6472-0.2152-1.8985-1.6919-1.566,0.6472,0.2152,1.8985,1.6919,1.566,9.552,0.423,0.132,0.535,Frame_00043.bmp,d3_43.json
0.7112-0.1342-1.51-1.9805-1.465,0.7112,0.1342,1.51,1.9805,1.465,12.599,0.483,0.074,0.463,Frame_00044.bmp,d3_44.json
0.7912-0.3385-1.797-1.5398-1.335,0.7912,0.3385,1.797,1.5398,1.335,6.401,0.336,0.15,0.634,Frame_00045.bmp,d3_45.json
0.5516-0.3271-1.42075-1.1602-1.486,0.5516,0.3271,1.42075,1.1602,1.486,3.725,0.238,0.127,0.771,Frame_00046.bmp,d3_46.json
0.6656-0.2113-0.81175-1.9246-1.271,0.6656,0.2113,0.81175,1.9246,1.271,10.007,0.405,0.026,0.489,Frame_00047.bmp,d3_47.json
0.638-0.1537-1.559-1.0198-1.615,0.638,0.1537,1.559,1.0198,1.615,2.988,0.223,0.184,0.901,Frame_00048.bmp,d3_48.json
0.7976-0.2311-1.01475-1.3383-1.752,0.7976,0.2311,1.01475,1.3383,1.752,6.318,0.309,0.061,0.591,Frame_00049.bmp,d3_49.json
0.536-0.1888-0.7225-1.7907-1.93,0.536,0.1888,0.7225,1.7907,1.93,13.752,0.478,0.019,0.42,Frame_00050.bmp,d3_50.json
0.7884-0.2449-1.734-0.9262-1.031,0.7884,0.2449,1.734,0.9262,1.031,1.377,0.156,0.352,1.366,Frame_00051.bmp,d3_51.json
0.6748-0.2113-0.92725-1.7998-1.96,0.6748,0.2113,0.92725,1.7998,1.96,14.151,0.493,0.031,0.421,Frame_00052.bmp,d3_52.json
0.6004-0.1927-0.887-1.1251-1.221,0.6004,0.1927,0.887,1.1251,1.221,2.745,0.185,0.066,0.815,Frame_00053.bmp,d3_53.json
0.8984-0.1189-1.99825-1.3396-1.22,0.8984,0.1189,1.99825,1.3396,1.22,4.162,0.28,0.252,0.812,Frame_00054.bmp,d3_54.json
0.6392-0.2098-1.07775-1.1797-1.72,0.6392,0.2098,1.07775,1.1797,1.72,4.583,0.259,0.073,0.684,Frame_00055.bmp,d3_55.json
0.6164-0.2074-0.93775-1.8609-1.245,0.6164,0.2074,0.93775,1.8609,1.245,9.056,0.383,0.034,0.511,Frame_00056.bmp,d3_56.json
0.8332-0.2458-1.7025-1.2499-1.764,0.8332,0.2458,1.7025,1.2499,1.764,5.416,0.309,0.161,0.691,Frame_00057.bmp,d3_57.json
0.8724-0.2566-0.50725-1.883-1.833,0.8724,0.2566,0.50725,1.883,1.833,14.531,0.493,0.015,0.41,Frame_00058.bmp,d3_58.json
0.8896-0.3373-1.82675-1.0718-1.363,0.8896,0.3373,1.82675,1.0718,1.363,2.777,0.222,0.262,0.967,Frame_00059.bmp,d3_59.json
0.6736-0.1216-0.44075-1.051-1.756,0.6736,0.1216,0.44075,1.051,1.756,3.54,0.215,0.026,0.735,Frame_00060.bmp,d3_60.json
0.5108-0.1888-1.6115-1.5034-1.581,0.5108,0.1888,1.6115,1.5034,1.581,7.371,0.353,0.11,0.579,Frame_00061.bmp,d3_61.json
0.6416-0.1027-1.08825-1.2889-1.74,0.6416,0.1027,1.08825,1.2889,1.74,5.736,0.295,0.07,0.621,Frame_00062.bmp,d3_62.json
0.5316-0.3934-1.1145-1.4813-1.127,0.5316,0.3934,1.1145,1.4813,1.127,4.781,0.263,0.066,0.664,Frame_00063.bmp,d3_63.json
0.806-0.2437-1.89675-1.4306-1.29,0.806,0.2437,1.89675,1.4306,1.29,5.186,0.305,0.193,0.712,Frame_00064.bmp,d3_64.json
0.6892-0.3745-0.40575-1.5554-1.246,0.6892,0.3745,0.40575,1.5554,1.246,6.037,0.286,0.01,0.573,Frame_00065.bmp,d3_65.json
0.7228-0.2395-0.57725-0.7065-1.286,0.7228,0.2395,0.57725,0.7065,1.286,0.875,0.099,0.063,1.372,Frame_00066.bmp,d3_66.json
0.5872-0.1747-0.4635-0.8768-1.218,0.5872,0.1747,0.4635,0.8768,1.218,1.465,0.125,0.032,1.033,Frame_00067.bmp,d3_67.json
0.7144-0.3124-0.61925-1.7933-1.41,0.7144,0.3124,0.61925,1.7933,1.41,9.65,0.386,0.017,0.483,Frame_00068.bmp,d3_68.json
0.8684-0.1129-1.46275-0.921-1.754,0.8684,0.1129,1.46275,0.921,1.754,2.538,0.21,0.203,1.001,Frame_00069.bmp,d3_69.json
0.8984-0.1891-0.77325-0.9067-1.598,0.8984,0.1891,0.77325,0.9067,1.598,2.193,0.171,0.079,0.941,Frame_00070.bmp,d3_70.json
0.882-0.1393-1.2055-1.9727-1.282,0.882,0.1393,1.2055,1.9727,1.282,10.682,0.435,0.056,0.492,Frame_00071.bmp,d3_71.json
0.5444-0.1621-0.45825-1.1823-1.024,0.5444,0.1621,0.45825,1.1823,1.024,2.498,0.168,0.021,0.813,Frame_00072.bmp,d3_72.json
0.8556-0.3466-1.07775-0.9171-1.521,0.8556,0.3466,1.07775,0.9171,1.521,2.134,0.173,0.116,0.977,Frame_00073.bmp,d3_73.json
0.8316-0.3565-0.87475-1.1979-1.59,0.8316,0.3565,0.87475,1.1979,1.59,4.348,0.245,0.054,0.68,Frame_00074.bmp,d3_74.json
0.5228-0.1801-0.42325-0.8976-1.369,0.5228,0.1801,0.42325,0.8976,1.369,1.787,0.141,0.024,0.955,Frame_00075.bmp,d3_75.json
0.672-0.1666-1.85825-1.8752-1.25,0.672,0.1666,1.85825,1.8752,1.25,9.257,0.422,0.125,0.551,Frame_00076.bmp,d3_76.json
0.6036-0.1495-0.299-1.2291-1.33,0.6036,0.1495,0.299,1.2291,1.33,3.76,0.213,0.011,0.683,Frame_00077.bmp,d3_77.json
0.5348-0.3106-0.50025-1.8102-1.106,0.5348,0.3106,0.50025,1.8102,1.106,7.38,0.334,0.011,0.548,Frame_00078.bmp,d3_78.json
0.6316-0.2764-1.72-1.7608-1.52,0.6316,0.2764,1.72,1.7608,1.52,10.102,0.428,0.103,0.512,Frame_00079.bmp,d3_79.json
0.5396-0.271-1.16875-1.5424-1.924,0.5396,0.271,1.16875,1.5424,1.924,9.76,0.4,0.05,0.496,Frame_00080.bmp,d3_80.json
0.5564-0.382-1.853-1.4384-1.541,0.5564,0.382,1.853,1.4384,1.541,6.461,0.338,0.153,0.633,Frame_00081.bmp,d3_81.json
0.7748-0.1096-0.93775-1.493-1.851,0.7748,0.1096,0.93775,1.493,1.851,8.671,0.37,0.049,0.516,Frame_00082.bmp,d3_82.json
0.8552-0.1864-0.62625-0.8573-1.765,0.8552,0.1864,0.62625,0.8573,1.765,2.124,0.169,0.061,0.963,Frame_00083.bmp,d3_83.json
0.7896-0.3382-0.36375-1.7868-1.433,0.7896,0.3382,0.36375,1.7868,1.433,9.753,0.384,0.008,0.476,Frame_00084.bmp,d3_84.json
0.5508-0.3133-1.1285-1.0588-1.261,0.5508,0.3133,1.1285,1.0588,1.261,2.458,0.18,0.104,0.886,Frame_00085.bmp,d3_85.json
0.6872-0.2281-0.7435-1.5216-1.27,0.6872,0.2281,0.7435,1.5216,1.27,5.871,0.286,0.032,0.589,Frame_00086.bmp,d3_86.json
0.8436-0.3088-0.7225-1.9727-1.108,0.8436,0.3088,0.7225,1.9727,1.108,8.964,0.386,0.022,0.521,Frame_00087.bmp,d3_87.json
0.6276-0.1744-1.05325-1.8258-1.643,0.6276,0.1744,1.05325,1.8258,1.643,11.983,0.448,0.04,0.452,Frame_00088.bmp,d3_88.json
0.522-0.1924-1.181-0.7026-1.217,0.522,0.1924,1.181,0.7026,1.217,0.807,0.107,0.213,1.609,Frame_00089.bmp,d3_89.json
0.516-0.2119-1.5065-0.7663-1.796,0.516,0.2119,1.5065,0.7663,1.796,1.608,0.171,0.221,1.286,Frame_00090.bmp,d3_90.json
0.6216-0.2512-1.45575-0.9782-1.797,0.6216,0.2512,1.45575,0.9782,1.797,3.038,0.224,0.153,0.892,Frame_00091.bmp,d3_91.json
0.6716-0.2311-1.36825-1.0991-1.072,0.6716,0.2311,1.36825,1.0991,1.072,2.215,0.178,0.167,0.971,Frame_00092.bmp,d3_92.json
0.604-0.3247-1.58175-1.142-1.992,0.604,0.3247,1.58175,1.142,1.992,4.996,0.295,0.131,0.714,Frame_00093.bmp,d3_93.json
0.5764-0.1051-0.66125-0.7156-1.445,0.5764,0.1051,0.66125,0.7156,1.445,1.04,0.113,0.073,1.311,Frame_00094.bmp,d3_94.json
0.69-0.2002-0.59825-0.9509-1.378,0.69,0.2002,0.59825,0.9509,1.378,2.087,0.157,0.044,0.907,Frame_00095.bmp,d3_95.json
0.8272-0.1534-1.125-0.7767-1.22,0.8272,0.1534,1.125,0.7767,1.22,1.066,0.121,0.191,1.376,Frame_00096.bmp,d3_96.json
0.538-0.3127-0.6525-1.7855-1.965,0.538,0.3127,0.6525,1.7855,1.965,13.939,0.481,0.014,0.417,Frame_00097.bmp,d3_97.json
0.642-0.1021-0.34625-0.9366-1.679,0.642,0.1021,0.34625,0.9366,1.679,2.521,0.177,0.022,0.847,Frame_00098.bmp,d3_98.json
0.8524-0.2827-0.516-1.7309-1.383,0.8524,0.2827,0.516,1.7309,1.383,8.71,0.361,0.016,0.501,Frame_00099.bmp,d3_99.json
0.622-0.2638-0.586-0.713-1.025,0.622,0.2638,0.586,0.713,1.025,0.682,0.083,0.065,1.478,Frame_00100.bmp,d3_100.json
0.5088-0.1411-1.48375-1.4865-1.32,0.5088,0.1411,1.48375,1.4865,1.32,5.824,0.305,0.108,0.633,Frame_00101.bmp,d3_101.json
0.888-0.1915-1.11625-1.7868-1.979,0.888,0.1915,1.11625,1.7868,1.979,14.072,0.5,0.05,0.429,Frame_00102.bmp,d3_102.json
0.6-0.3811-1.265-0.8118-1.977,0.6,0.3811,1.265,0.8118,1.977,2.09,0.187,0.132,1.079,Frame_00103.bmp,d3_103.json
0.72-0.2557-1.8705-1.1875-1.636,0.72,0.2557,1.8705,1.1875,1.636,4.399,0.283,0.206,0.777,Frame_00104.bmp,d3_104.json
0.5736-0.3883-0.34275-1.1329-1.564,0.5736,0.3883,0.34275,1.1329,1.564,3.729,0.215,0.009,0.695,Frame_00105.bmp,d3_105.json
0.846-0.1543-0.95875-1.7517-1.072,0.846,0.1543,0.95875,1.7517,1.072,6.596,0.323,0.047,0.591,Frame_00106.bmp,d3_106.json
0.6084-0.3958-1.10575-0.7429-1.197,0.6084,0.3958,1.10575,0.7429,1.197,0.923,0.111,0.171,1.451,Frame_00107.bmp,d3_107.json
0.8828-0.1009-1.342-1.3682-1.994,0.8828,0.1009,1.342,1.3682,1.994,7.691,0.365,0.101,0.573,Frame_00108.bmp,d3_108.json
0.5196-0.2533-0.63325-0.9626-1.428,0.5196,0.2533,0.63325,0.9626,1.428,2.244,0.163,0.038,0.881,Frame_00109.bmp,d3_109.json
0.8776-0.1084-0.3655-1.7595-1.832,0.8776,0.1084,0.3655,1.7595,1.832,12.469,0.446,0.014,0.433,Frame_00110.bmp,d3_110.json
0.8144-0.286-1.67975-1.1849-1.841,0.8144,0.286,1.67975,1.1849,1.841,5.001,0.298,0.161,0.72,Frame_00111.bmp,d3_111.json
0.524-0.1249-0.901-0.7533-1.454,0.524,0.1249,0.901,0.7533,1.454,1.206,0.126,0.107,1.261,Frame_00112.bmp,d3_112.json
0.8152-0.3697-1.4505-1.6919-1.707,0.8152,0.3697,1.4505,1.6919,1.707,10.538,0.427,0.076,0.49,Frame_00113.bmp,d3_113.json
0.6056-0.2341-1.20725-1.8544-1.02,0.6056,0.2341,1.20725,1.8544,1.02,7.051,0.347,0.06,0.595,Frame_00114.bmp,d3_114.json
0.7188-0.3682-0.96925-1.194-1.587,0.7188,0.3682,0.96925,1.194,1.587,4.305,0.245,0.06,0.687,Frame_00115.bmp,d3_115.json
0.7688-0.3226-1.7375-1.8752-1.619,0.7688,0.3226,1.7375,1.8752,1.619,12.51,0.485,0.095,0.469,Frame_00116.bmp,d3_116.json
0.8348-0.1345-1.28075-1.9701-1.285,0.8348,0.1345,1.28075,1.9701,1.285,10.68,0.436,0.061,0.494,Frame_00117.bmp,d3_117.json
0.76-0.1507-0.45125-0.9483-1.137,0.76,0.1507,0.45125,0.9483,1.137,1.648,0.133,0.034,0.973,Frame_00118.bmp,d3_118.json
0.8492-0.2893-1.27025-0.7767-1.205,0.8492,0.2893,1.27025,0.7767,1.205,1.05,0.124,0.229,1.428,Frame_00119.bmp,d3_119.json
0.56-0.3475-1.04625-1.3422-1.164,0.56,0.3475,1.04625,1.3422,1.164,3.951,0.232,0.067,0.71,Frame_00120.bmp,d3_120.json
0.6984-0.2443-0.5615-1.7335-1.285,0.6984,0.2443,0.5615,1.7335,1.285,8.016,0.345,0.016,0.52,Frame_00121.bmp,d3_121.json
0.8568-0.1627-1.013-1.7218-1.169,0.8568,0.1627,1.013,1.7218,1.169,7.05,0.333,0.052,0.57,Frame_00122.bmp,d3_122.json
0.6272-0.1696-1.06725-1.2473-1.617,0.6272,0.1696,1.06725,1.2473,1.617,4.883,0.266,0.07,0.659,Frame_00123.bmp,d3_123.json
0.7692-0.1927-1.489-1.3214-1.057,0.7692,0.1927,1.489,1.3214,1.057,3.386,0.229,0.155,0.818,Frame_00124.bmp,d3_124.json
0.538-0.1996-0.87125-1.6763-1.146,0.538,0.1996,0.87125,1.6763,1.146,6.477,0.311,0.035,0.58,Frame_00125.bmp,d3_125.json
0.8664-0.193-0.86425-0.9275-1.436,0.8664,0.193,0.86425,0.9275,1.436,2.055,0.163,0.091,0.959,Frame_00126.bmp,d3_126.json
0.8384-0.1858-0.873-1.662-1.123,0.8384,0.1858,0.873,1.662,1.123,6.198,0.305,0.042,0.594,Frame_00127.bmp,d3_127.json
0.642-0.3808-1.63775-1.5996-1.392,0.642,0.3808,1.63775,1.5996,1.392,7.336,0.354,0.112,0.582,Frame_00128.bmp,d3_128.json
0.6764-0.3199-0.82575-0.7286-1.818,0.6764,0.3199,0.82575,0.7286,1.818,1.42,0.143,0.081,1.217,Frame_00129.bmp,d3_129.json
0.756-0.1489-0.5335-1.2733-1.531,0.756,0.1489,0.5335,1.2733,1.531,4.817,0.252,0.027,0.632,Frame_00130.bmp,d3_130.json
0.836-0.1348-1.95975-1.2681-1.068,0.836,0.1348,1.95975,1.2681,1.068,3.111,0.241,0.281,0.935,Frame_00131.bmp,d3_131.json
0.5656-0.1378-0.99725-1.5437-1.368,0.5656,0.1378,0.99725,1.5437,1.368,6.625,0.313,0.049,0.571,Frame_00132.bmp,d3_132.json
0.7328-0.3571-0.70675-1.1537-1.322,0.7328,0.3571,0.70675,1.1537,1.322,3.206,0.199,0.04,0.75,Frame_00133.bmp,d3_133.json
0.5124-0.3628-1.52225-1.0861-1.262,0.5124,0.3628,1.52225,1.0861,1.262,2.62,0.2,0.178,0.921,Frame_00134.bmp,d3_134.json
0.7948-0.2545-0.278-0.8105-1.616,0.7948,0.2545,0.278,0.8105,1.616,1.658,0.14,0.021,1.023,Frame_00135.bmp,d3_135.json
0.6448-0.1006-0.83275-1.9116-1.505,0.6448,0.1006,0.83275,1.9116,1.505,12.011,0.446,0.028,0.449,Frame_00136.bmp,d3_136.json
0.8008-0.1444-1.84075-1.5359-1.595,0.8008,0.1444,1.84075,1.5359,1.595,7.821,0.379,0.15,0.585,Frame_00137.bmp,d3_137.json
0.7916-0.1927-1.8565-1.5723-1.959,0.7916,0.1927,1.8565,1.5723,1.959,10.407,0.447,0.13,0.52,Frame_00138.bmp,d3_138.json
0.5912-0.2527-0.502-1.1199-1.81,0.5912,0.2527,0.502,1.1199,1.81,4.28,0.24,0.02,0.677,Frame_00139.bmp,d3_139.json
0.7332-0.2413-1.96325-1.6087-1.786,0.7332,0.2413,1.96325,1.6087,1.786,9.888,0.436,0.142,0.533,Frame_00140.bmp,d3_140.json
0.8056-0.2308-1.762-0.9327-1.794,0.8056,0.2308,1.762,0.9327,1.794,2.688,0.227,0.25,1.021,Frame_00141.bmp,d3_141.json
0.63-0.13-1.80925-1.7673-1.706,0.63,0.13,1.80925,1.7673,1.706,11.622,0.468,0.11,0.487,Frame_00142.bmp,d3_142.json
0.5644-0.3379-1.1145-0.8872-1.615,0.5644,0.3379,1.1145,0.8872,1.615,2.099,0.173,0.108,0.994,Frame_00143.bmp,d3_143.json
0.6732-0.3844-1.32975-1.6802-1.593,0.6732,0.3844,1.32975,1.6802,1.593,9.588,0.399,0.064,0.503,Frame_00144.bmp,d3_144.json
0.7888-0.3874-0.34625-1.1394-1.033,0.7888,0.3874,0.34625,1.1394,1.033,2.309,0.159,0.014,0.832,Frame_00145.bmp,d3_145.json
0.5908-0.2113-1.46275-1.0575-1.033,0.5908,0.2113,1.46275,1.0575,1.033,1.924,0.169,0.203,1.06,Frame_00146.bmp,d3_146.json
0.856-0.1069-1.35775-0.8885-1.741,0.856,0.1069,1.35775,0.8885,1.741,2.295,0.197,0.189,1.036,Frame_00147.bmp,d3_147.json
0.6264-0.1852-1.5275-1.8037-1.27,0.6264,0.1852,1.5275,1.8037,1.27,8.645,0.39,0.089,0.545,Frame_00148.bmp,d3_148.json
0.7516-0.2251-0.41975-1.9545-1.798,0.7516,0.2251,0.41975,1.9545,1.798,15.454,0.51,0.01,0.399,Frame_00149.bmp,d3_149.json
0.674-0.1042-0.25-1.6191-1.376,0.674,0.1042,0.25,1.6191,1.376,7.44,0.323,0.007,0.525,Frame_00150.bmp,d3_150.json
0.7536-0.3562-0.64375-0.8378-1.064,0.7536,0.3562,0.64375,0.8378,1.064,1.104,0.108,0.061,1.184,Frame_00151.bmp,d3_151.json
0.8224-0.2143-1.16875-0.8885-1.566,0.8224,0.2143,1.16875,0.8885,1.566,2.034,0.173,0.144,1.03,Frame_00152.bmp,d3_152.json
0.8816-0.2218-1.32625-1.7244-1.816,0.8816,0.2218,1.32625,1.7244,1.816,11.797,0.455,0.069,0.466,Frame_00153.bmp,d3_153.json
0.5548-0.1477-0.86075-1.2226-1.299,0.5548,0.1477,0.86075,1.2226,1.299,3.61,0.216,0.054,0.723,Frame_00154.bmp,d3_154.json
0.5596-0.1654-1.594-1.3279-1.963,0.5596,0.1654,1.594,1.3279,1.963,7.046,0.351,0.114,0.603,Frame_00155.bmp,d3_155.json
0.6216-0.358-0.40575-1.4007-1.598,0.6216,0.358,0.40575,1.4007,1.598,6.332,0.293,0.01,0.56,Frame_00156.bmp,d3_156.json
0.5852-0.211-1.9755-1.8687-1.398,0.5852,0.211,1.9755,1.8687,1.398,10.48,0.453,0.13,0.522,Frame_00157.bmp,d3_157.json
0.5144-0.3394-1.17225-0.804-1.935,0.5144,0.3394,1.17225,0.804,1.935,1.988,0.178,0.115,1.083,Frame_00158.bmp,d3_158.json
0.874-0.3274-1.272-1.0666-1.316,0.874,0.3274,1.272,1.0666,1.316,2.633,0.194,0.138,0.889,Frame_00159.bmp,d3_159.json
0.5888-0.3403-0.79075-0.8924-1.66,0.5888,0.3403,0.79075,0.8924,1.66,2.199,0.17,0.056,0.933,Frame_00160.bmp,d3_160.json
0.6104-0.2992-1.29475-1.2291-1.226,0.6104,0.2992,1.29475,1.2291,1.226,3.414,0.221,0.114,0.781,Frame_00161.bmp,d3_161.json
0.6664-0.1255-1.54675-0.8846-1.759,0.6664,0.1255,1.54675,0.8846,1.759,2.295,0.202,0.213,1.063,Frame_00162.bmp,d3_162.json
0.878-0.1873-1.97375-1.4111-1.352,0.878,0.1873,1.97375,1.4111,1.352,5.308,0.314,0.212,0.715,Frame_00163.bmp,d3_163.json
0.7332-0.226-1.503-1.2057-1.78,0.7332,0.226,1.503,1.2057,1.78,5.02,0.289,0.13,0.696,Frame_00164.bmp,d3_164.json
0.6356-0.2896-0.719-1.3071-1.363,0.6356,0.2896,0.719,1.3071,1.363,4.478,0.242,0.033,0.652,Frame_00165.bmp,d3_165.json
0.6564-0.2899-1.1005-0.9158-1.741,0.6564,0.2899,1.1005,0.9158,1.741,2.48,0.191,0.102,0.93,Frame_00166.bmp,d3_166.json
0.7008-0.2653-1.895-1.8427-1.321,0.7008,0.2653,1.895,1.8427,1.321,9.503,0.427,0.128,0.543,Frame_00167.bmp,d3_167.json
0.7192-0.3319-1.2615-1.5736-1.981,0.7192,0.3319,1.2615,1.5736,1.981,10.557,0.424,0.059,0.485,Frame_00168.bmp,d3_168.json
0.88-0.1168-0.922-1.1173-1.989,0.88,0.1168,0.922,1.1173,1.989,4.729,0.271,0.076,0.692,Frame_00169.bmp,d3_169.json
0.7576-0.3316-0.31475-1.9077-1.733,0.7576,0.3316,0.31475,1.9077,1.733,14.045,0.479,0.006,0.412,Frame_00170.bmp,d3_170.json
0.8208-0.1255-1.85825-1.1784-1.32,0.8208,0.1255,1.85825,1.1784,1.32,3.368,0.245,0.25,0.88,Frame_00171.bmp,d3_171.json
0.7572-0.2188-0.4775-0.7572-1.835,0.7572,0.2188,0.4775,0.7572,1.835,1.595,0.146,0.043,1.107,Frame_00172.bmp,d3_172.json
0.8132-0.2797-1.2545-1.2213-1.257,0.8132,0.2797,1.2545,1.2213,1.257,3.464,0.222,0.114,0.776,Frame_00173.bmp,d3_173.json
0.6576-0.205-0.4355-0.9925-1.803,0.6576,0.205,0.4355,0.9925,1.803,3.163,0.203,0.024,0.777,Frame_00174.bmp,d3_174.json
0.8236-0.3523-0.32525-1.2304-1.829,0.8236,0.3523,0.32525,1.2304,1.829,5.434,0.272,0.013,0.606,Frame_00175.bmp,d3_175.json
0.6132-0.1741-1.90725-1.3201-1.719,0.6132,0.1741,1.90725,1.3201,1.719,5.987,0.332,0.178,0.671,Frame_00176.bmp,d3_176.json
0.7476-0.2788-1.223-1.2629-1.938,0.7476,0.2788,1.223,1.2629,1.938,6.169,0.315,0.08,0.617,Frame_00177.bmp,d3_177.json
0.6668-0.2893-1.251-1.4254-1.677,0.6668,0.2893,1.251,1.4254,1.677,6.968,0.33,0.073,0.573,Frame_00178.bmp,d3_178.json
0.5608-0.2926-1.1845-1.7881-1.198,0.5608,0.2926,1.1845,1.7881,1.198,7.907,0.359,0.055,0.549,Frame_00179.bmp,d3_179.json
0.6404-0.2443-1.9685-0.7832-1.595,0.6404,0.2443,1.9685,0.7832,1.595,1.491,0.182,0.402,1.477,Frame_00180.bmp,d3_180.json
0.6172-0.2995-1.66925-0.8638-1.923,0.6172,0.2995,1.66925,0.8638,1.923,2.385,0.213,0.218,1.077,Frame_00181.bmp,d3_181.json
0.884-0.1123-1.14425-1.3994-1.037,0.884,0.1123,1.14425,1.3994,1.037,3.783,0.234,0.094,0.746,Frame_00182.bmp,d3_182.json
0.658-0.2344-1.39275-1.1212-1.216,0.658,0.2344,1.39275,1.1212,1.216,2.709,0.199,0.154,0.887,Frame_00183.bmp,d3_183.json
0.5748-0.1129-0.49675-1.3019-1.839,0.5748,0.1129,0.49675,1.3019,1.839,6.252,0.297,0.02,0.575,Frame_00184.bmp,d3_184.json
0.8048-0.3334-1.209-1.4111-1.651,0.8048,0.3334,1.209,1.4111,1.651,6.686,0.322,0.073,0.582,Frame_00185.bmp,d3_185.json
0.5668-0.1921-0.60875-0.973-1.478,0.5668,0.1921,0.60875,0.973,1.478,2.399,0.17,0.038,0.859,Frame_00186.bmp,d3_186.json
0.8204-0.1795-1.79525-1.8453-1.426,0.8204,0.1795,1.79525,1.8453,1.426,10.426,0.444,0.116,0.515,Frame_00187.bmp,d3_187.json
0.8812-0.3352-1.0025-1.363-1.977,0.8812,0.3352,1.0025,1.363,1.977,7.551,0.346,0.055,0.554,Frame_00188.bmp,d3_188.json
0.65-0.136-0.30775-1.376-1.281,0.65,0.136,0.30775,1.376,1.281,4.697,0.243,0.011,0.626,Frame_00189.bmp,d3_189.json
0.7812-0.3964-0.61575-1.5073-1.011,0.7812,0.3964,0.61575,1.5073,1.011,4.354,0.242,0.024,0.671,Frame_00190.bmp,d3_190.json
0.6228-0.2017-1.15825-0.9912-1.832,0.6228,0.2017,1.15825,0.9912,1.832,3.21,0.221,0.101,0.833,Frame_00191.bmp,d3_191.json
0.706-0.1351-0.71025-1.3162-1.756,0.706,0.1351,0.71025,1.3162,1.756,6.09,0.296,0.036,0.587,Frame_00192.bmp,d3_192.json
0.7612-0.3505-0.77675-0.778-1.235,0.7612,0.3505,0.77675,0.778,1.235,1.086,0.113,0.087,1.252,Frame_00193.bmp,d3_193.json
0.552-0.2695-1.59925-1.8674-1.262,0.552,0.2695,1.59925,1.8674,1.262,9.276,0.409,0.09,0.533,Frame_00194.bmp,d3_194.json
0.6608-0.2839-1.35425-1.3305-1.463,0.6608,0.2839,1.35425,1.3305,1.463,5.071,0.278,0.101,0.662,Frame_00195.bmp,d3_195.json
0.7568-0.3235-0.29725-1.0458-1.947,0.7568,0.3235,0.29725,1.0458,1.947,3.926,0.23,0.013,0.709,Frame_00196.bmp,d3_196.json
0.5712-0.1294-1.272-0.9574-1.171,0.5712,0.1294,1.272,0.9574,1.171,1.75,0.156,0.168,1.075,Frame_00197.bmp,d3_197.json
0.6844-0.3235-1.4015-0.7637-1.91,0.6844,0.3235,1.4015,0.7637,1.91,1.707,0.175,0.189,1.239,Frame_00198.bmp,d3_198.json
0.834-0.2563-1.92125-1.6789-1.324,0.834,0.2563,1.92125,1.6789,1.324,7.723,0.381,0.155,0.596,Frame_00199.bmp,d3_199.json
0.716-0.3457-1.951-1.0705-1.15,0.716,0.3457,1.951,1.0705,1.15,2.262,0.205,0.325,1.094,Frame_00200.bmp,d3_200.json
0.5552-0.1651-0.79425-1.1654-1.608,0.5552,0.1651,0.79425,1.1654,1.608,4.123,0.236,0.044,0.69,Frame_00201.bmp,d3_201.json
0.7776-0.3124-0.3095-1.688-1.19,0.7776,0.3124,0.3095,1.688,1.19,6.886,0.313,0.007,0.549,Frame_00202.bmp,d3_202.json
0.808-0.127-1.99475-1.3851-1.577,0.808,0.127,1.99475,1.3851,1.577,6.076,0.34,0.204,0.675,Frame_00203.bmp,d3_203.json
0.722-0.1753-0.4285-1.8557-1.773,0.722,0.1753,0.4285,1.8557,1.773,13.547,0.47,0.011,0.419,Frame_00204.bmp,d3_204.json
0.654-0.3718-1.5135-1.9831-1.427,0.654,0.3718,1.5135,1.9831,1.427,12.256,0.474,0.069,0.468,Frame_00205.bmp,d3_205.json
0.8524-0.2974-1.78475-0.908-1.923,0.8524,0.2974,1.78475,0.908,1.923,2.713,0.233,0.252,1.037,Frame_00206.bmp,d3_206.json
0.8292-0.3316-1.5485-0.8495-1.808,0.8292,0.3316,1.5485,0.8495,1.808,2.131,0.196,0.217,1.114,Frame_00207.bmp,d3_207.json
0.8844-0.3358-0.64375-1.4657-1.476,0.8844,0.3358,0.64375,1.4657,1.476,6.422,0.3,0.027,0.564,Frame_00208.bmp,d3_208.json
0.8012-0.313-1.81975-1.8154-1.14,0.8012,0.313,1.81975,1.8154,1.14,7.706,0.383,0.132,0.6,Frame_00209.bmp,d3_209.json
0.7976-0.2569-0.99725-0.9288-1.769,0.7976,0.2569,0.99725,0.9288,1.769,2.618,0.195,0.095,0.902,Frame_00210.bmp,d3_210.json
0.6152-0.3151-0.39525-1.3643-1.765,0.6152,0.3151,0.39525,1.3643,1.765,6.665,0.305,0.01,0.553,Frame_00211.bmp,d3_211.json
0.5924-0.2482-0.81525-1.9103-1.727,0.5924,0.2482,0.81525,1.9103,1.727,14.032,0.486,0.022,0.419,Frame_00212.bmp,d3_212.json
0.5144-0.3493-1.7795-1.7881-1.367,0.5144,0.3493,1.7795,1.7881,1.367,9.246,0.412,0.112,0.538,Frame_00213.bmp,d3_213.json
0.8988-0.2044-1.7935-1.6347-1.616,0.8988,0.2044,1.7935,1.6347,1.616,9.157,0.411,0.132,0.542,Frame_00214.bmp,d3_214.json
0.8072-0.1078-1.146-1.2356-1.02,0.8072,0.1078,1.146,1.2356,1.02,2.763,0.195,0.112,0.851,Frame_00215.bmp,d3_215.json
0.7696-0.1024-1.76025-1.7998-1.682,0.7696,0.1024,1.76025,1.7998,1.682,11.916,0.475,0.108,0.482,Frame_00216.bmp,d3_216.json
0.6428-0.1693-1.475-1.207-1.634,0.6428,0.1693,1.475,1.207,1.634,4.568,0.271,0.13,0.716,Frame_00217.bmp,d3_217.json
0.542-0.3064-0.6525-1.1537-1.576,0.542,0.3064,0.6525,1.1537,1.576,3.932,0.225,0.028,0.693,Frame_00218.bmp,d3_218.json
0.6868-0.2386-0.76275-1.8206-1.44,0.6868,0.2386,0.76275,1.8206,1.44,10.231,0.403,0.024,0.475,Frame_00219.bmp,d3_219.json
0.8688-0.3508-0.355-1.3383-1.143,0.8688,0.3508,0.355,1.3383,1.143,3.839,0.216,0.013,0.681,Frame_00220.bmp,d3_220.json
0.6584-0.2923-1.48725-1.428-1.001,0.6584,0.2923,1.48725,1.428,1.001,3.795,0.245,0.136,0.781,Frame_00221.bmp,d3_221.json
0.6044-0.1612-1.42425-1.3383-1.09,0.6044,0.1612,1.42425,1.3383,1.09,3.623,0.234,0.133,0.782,Frame_00222.bmp,d3_222.json
0.5892-0.289-1.08475-1.0224-1.37,0.5892,0.289,1.08475,1.0224,1.37,2.486,0.182,0.097,0.884,Frame_00223.bmp,d3_223.json
0.8216-0.139-1.09525-0.9626-1.261,0.8216,0.139,1.09525,0.9626,1.261,1.938,0.161,0.133,1.003,Frame_00224.bmp,d3_224.json
0.6236-0.1351-1.181-0.8846-1.149,0.6236,0.1351,1.181,0.8846,1.149,1.397,0.137,0.168,1.183,Frame_00225.bmp,d3_225.json
0.622-0.3196-1.3875-1.9623-1.098,0.622,0.3196,1.3875,1.9623,1.098,8.762,0.399,0.069,0.55,Frame_00226.bmp,d3_226.json
0.8352-0.3844-0.89925-1.6139-1.285,0.8352,0.3844,0.89925,1.6139,1.285,6.814,0.317,0.04,0.563,Frame_00227.bmp,d3_227.json
0.7864-0.2569-0.495-1.2044-1.372,0.7864,0.2569,0.495,1.2044,1.372,3.714,0.214,0.025,0.696,Frame_00228.bmp,d3_228.json
0.8604-0.1051-1.54325-1.0367-1.353,0.8604,0.1051,1.54325,1.0367,1.353,2.536,0.202,0.215,0.965,Frame_00229.bmp,d3_229.json
0.8344-0.3955-0.327-1.3383-1.635,0.8344,0.3955,0.327,1.3383,1.635,5.841,0.28,0.011,0.579,Frame_00230.bmp,d3_230.json
0.8164-0.2056-1.74975-0.999-1.833,0.8164,0.2056,1.74975,0.999,1.833,3.275,0.249,0.225,0.917,Frame_00231.bmp,d3_231.json
0.6112-0.1324-1.237-1.2343-1.696,0.6112,0.1324,1.237,1.2343,1.696,5.028,0.277,0.091,0.667,Frame_00232.bmp,d3_232.json
0.7116-0.2662-1.47325-1.2096-1.252,0.7116,0.2662,1.47325,1.2096,1.252,3.369,0.226,0.152,0.811,Frame_00233.bmp,d3_233.json
0.6096-0.1774-1.6045-1.9519-1.654,0.6096,0.1774,1.6045,1.9519,1.654,14.02,0.513,0.076,0.442,Frame_00234.bmp,d3_234.json
0.6124-0.3967-0.4145-1.7777-1.359,0.6124,0.3967,0.4145,1.7777,1.359,9.063,0.369,0.007,0.491,Frame_00235.bmp,d3_235.json
0.6168-0.2134-0.72775-1.7257-1.312,0.6168,0.2134,0.72775,1.7257,1.312,8.132,0.35,0.024,0.52,Frame_00236.bmp,d3_236.json
0.6276-0.3064-0.5265-1.1368-1.306,0.6276,0.3064,0.5265,1.1368,1.306,3.049,0.19,0.024,0.753,Frame_00237.bmp,d3_237.json
0.694-0.1273-0.49675-1.8297-1.006,0.694,0.1273,0.49675,1.8297,1.006,6.725,0.323,0.014,0.58,Frame_00238.bmp,d3_238.json
0.7428-0.3874-1.52575-1.5996-1.843,0.7428,0.3874,1.52575,1.5996,1.843,10.111,0.42,0.084,0.503,Frame_00239.bmp,d3_239.json
0.6388-0.1951-0.8555-0.7091-1.079,0.6388,0.1951,0.8555,0.7091,1.079,0.716,0.092,0.131,1.546,Frame_00240.bmp,d3_240.json
0.7308-0.1633-0.39175-1.7881-1.354,0.7308,0.1633,0.39175,1.7881,1.354,9.143,0.371,0.011,0.491,Frame_00241.bmp,d3_241.json
0.8204-0.1774-0.29725-1.8323-1.541,0.8204,0.1774,0.29725,1.8323,1.541,11.225,0.418,0.008,0.45,Frame_00242.bmp,d3_242.json
0.86-0.3505-1.60625-0.8274-1.376,0.86,0.3505,1.60625,0.8274,1.376,1.454,0.159,0.291,1.324,Frame_00243.bmp,d3_243.json
0.836-0.2185-0.8835-0.8118-1.766,0.836,0.2185,0.8835,0.8118,1.766,1.841,0.163,0.1,1.072,Frame_00244.bmp,d3_244.json
0.5728-0.1351-1.832-1.9428-1.047,0.5728,0.1351,1.832,1.9428,1.047,8.082,0.402,0.125,0.601,Frame_00245.bmp,d3_245.json
0.6292-0.178-0.95175-1.9818-1.012,0.6292,0.178,0.95175,1.9818,1.012,8.099,0.375,0.035,0.56,Frame_00246.bmp,d3_246.json
0.8896-0.1093-0.71375-1.623-1.735,0.8896,0.1093,0.71375,1.623,1.735,9.765,0.391,0.034,0.483,Frame_00247.bmp,d3_247.json
0.5432-0.2818-0.81-1.9766-1.504,0.5432,0.2818,0.81,1.9766,1.504,12.93,0.466,0.02,0.436,Frame_00248.bmp,d3_248.json
0.5908-0.1189-0.7225-1.1264-1.106,0.5908,0.1189,0.7225,1.1264,1.106,2.443,0.17,0.05,0.84,Frame_00249.bmp,d3_249.json
0.8084-0.1546-1.3525-1.1108-1.003,0.8084,0.1546,1.3525,1.1108,1.003,2.093,0.173,0.176,1.001,Frame_00250.bmp,d3_250.json
0.8804-0.3865-0.705-1.012-1.896,0.8804,0.3865,0.705,1.012,1.896,3.513,0.222,0.046,0.765,Frame_00251.bmp,d3_251.json
0.684-0.1918-0.46875-1.727-1.03,0.684,0.1918,0.46875,1.727,1.03,6.08,0.299,0.013,0.593,Frame_00252.bmp,d3_252.json
0.7164-0.3568-0.32175-1.8154-1.567,0.7164,0.3568,0.32175,1.8154,1.567,11.207,0.417,0.006,0.449,Frame_00253.bmp,d3_253.json
0.8476-0.2707-0.36375-1.1719-1.267,0.8476,0.2707,0.36375,1.1719,1.267,3.166,0.193,0.018,0.735,Frame_00254.bmp,d3_254.json
0.5936-0.1222-0.915-1.4553-1.538,0.5936,0.1222,0.915,1.4553,1.538,6.624,0.311,0.045,0.567,Frame_00255.bmp,d3_255.json
0.5476-0.3541-1.258-1.805-1.275,0.5476,0.3541,1.258,1.805,1.275,8.7,0.38,0.058,0.528,Frame_00256.bmp,d3_256.json
0.556-0.2887-0.39875-1.9766-1.06,0.556,0.2887,0.39875,1.9766,1.06,8.528,0.373,0.007,0.528,Frame_00257.bmp,d3_257.json
0.5076-0.3313-0.292-1.7569-1.275,0.5076,0.3313,0.292,1.7569,1.275,8.186,0.347,0.004,0.512,Frame_00258.bmp,d3_258.json
0.8204-0.244-1.1775-1.9363-1.963,0.8204,0.244,1.1775,1.9363,1.963,16.698,0.553,0.045,0.4,Frame_00259.bmp,d3_259.json
0.6484-0.1066-0.96925-1.688-1.236,0.6484,0.1066,0.96925,1.688,1.236,7.206,0.332,0.045,0.557,Frame_00260.bmp,d3_260.json
0.5804-0.1351-0.71725-0.7624-1.768,0.5804,0.1351,0.71725,0.7624,1.768,1.558,0.146,0.068,1.134,Frame_00261.bmp,d3_261.json
0.8504-0.2722-1.4365-1.6126-1.777,0.8504,0.2722,1.4365,1.6126,1.777,9.886,0.413,0.083,0.505,Frame_00262.bmp,d3_262.json
0.7448-0.319-0.73125-1.3682-1.89,0.7448,0.319,0.73125,1.3682,1.89,7.246,0.329,0.03,0.548,Frame_00263.bmp,d3_263.json
0.8644-0.331-0.3515-1.7361-1.548,0.8644,0.331,0.3515,1.7361,1.548,9.993,0.388,0.009,0.47,Frame_00264.bmp,d3_264.json
0.5388-0.2635-0.68925-0.8144-1.465,0.5388,0.2635,0.68925,0.8144,1.465,1.5,0.135,0.055,1.084,Frame_00265.bmp,d3_265.json
0.8012-0.2632-1.00075-1.5034-1.167,0.8012,0.2632,1.00075,1.5034,1.167,5.161,0.272,0.058,0.638,Frame_00266.bmp,d3_266.json
0.5384-0.2305-1.67625-1.4969-1.074,0.5384,0.2305,1.67625,1.4969,1.074,4.618,0.28,0.153,0.732,Frame_00267.bmp,d3_267.json
0.5088-0.2086-0.313-0.9782-1.184,0.5088,0.2086,0.313,0.9782,1.184,1.872,0.141,0.013,0.909,Frame_00268.bmp,d3_268.json
0.6776-0.1279-0.8135-0.7468-1.662,0.6776,0.1279,0.8135,0.7468,1.662,1.373,0.138,0.095,1.214,Frame_00269.bmp,d3_269.json
0.5284-0.1615-0.27625-0.778-1.051,0.5284,0.1615,0.27625,0.778,1.051,0.893,0.092,0.017,1.25,Frame_00270.bmp,d3_270.json
0.7404-0.3889-1.32275-0.9756-1.138,0.7404,0.3889,1.32275,0.9756,1.138,1.773,0.158,0.175,1.074,Frame_00271.bmp,d3_271.json
0.7624-0.3595-0.56325-1.4566-1.015,0.7624,0.3595,0.56325,1.4566,1.015,4.043,0.229,0.022,0.686,Frame_00272.bmp,d3_272.json
0.6328-0.1435-0.35325-1.3942-1.68,0.6328,0.1435,0.35325,1.3942,1.68,6.631,0.303,0.012,0.551,Frame_00273.bmp,d3_273.json
0.5704-0.3742-1.4085-1.272-1.867,0.5704,0.3742,1.4085,1.272,1.867,6.018,0.313,0.092,0.628,Frame_00274.bmp,d3_274.json
0.7196-0.3199-1.727-1.4969-1.103,0.7196,0.3199,1.727,1.4969,1.103,4.771,0.286,0.161,0.725,Frame_00275.bmp,d3_275.json
0.5016-0.1666-0.6245-1.2525-1.394,0.5016,0.1666,0.6245,1.2525,1.394,4.155,0.23,0.027,0.669,Frame_00276.bmp,d3_276.json
0.7188-0.2587-0.894-1.4371-1.566,0.7188,0.2587,0.894,1.4371,1.566,6.568,0.309,0.043,0.568,Frame_00277.bmp,d3_277.json
0.5528-0.3466-1.30525-1.3162-1.417,0.5528,0.3466,1.30525,1.3162,1.417,4.763,0.266,0.093,0.674,Frame_00278.bmp,d3_278.json
0.5624-0.1549-1.0445-0.9574-1.851,0.5624,0.1549,1.0445,0.9574,1.851,2.975,0.21,0.087,0.855,Frame_00279.bmp,d3_279.json
0.6196-0.1099-1.629-1.1628-1.485,0.6196,0.1099,1.629,1.1628,1.485,3.742,0.248,0.177,0.802,Frame_00280.bmp,d3_280.json
0.5628-0.2629-1.2545-0.9509-1.502,0.5628,0.2629,1.2545,0.9509,1.502,2.306,0.183,0.133,0.958,Frame_00281.bmp,d3_281.json
0.8468-0.1357-0.25-0.8417-1.134,0.8468,0.1357,0.25,0.8417,1.134,1.208,0.11,0.022,1.101,Frame_00282.bmp,d3_282.json
0.6736-0.2953-1.56775-0.9444-1.467,0.6736,0.2953,1.56775,0.9444,1.467,2.206,0.19,0.214,1.041,Frame_00283.bmp,d3_283.json
0.8212-0.3328-1.111-1.9584-1.547,0.8212,0.3328,1.111,1.9584,1.547,13.084,0.477,0.041,0.441,Frame_00284.bmp,d3_284.json
0.6416-0.1933-0.57725-0.7299-1.71,0.6416,0.1933,0.57725,0.7299,1.71,1.332,0.132,0.053,1.197,Frame_00285.bmp,d3_285.json
0.6464-0.1837-1.37875-1.6906-1.803,0.6464,0.1837,1.37875,1.6906,1.803,11.189,0.44,0.068,0.476,Frame_00286.bmp,d3_286.json
0.888-0.2302-1.7515-1.922-1.237,0.888,0.2302,1.7515,1.922,1.237,9.66,0.43,0.112,0.538,Frame_00287.bmp,d3_287.json
0.5016-0.3862-0.55625-0.7845-1.698,0.5016,0.3862,0.55625,0.7845,1.698,1.608,0.142,0.031,1.069,Frame_00288.bmp,d3_288.json
0.5052-0.3463-1.11275-1.1407-1.983,0.5052,0.3463,1.11275,1.1407,1.983,4.957,0.276,0.064,0.674,Frame_00289.bmp,d3_289.json
0.702-0.2287-0.71375-1.649-1.047,0.702,0.2287,0.71375,1.649,1.047,5.587,0.285,0.028,0.616,Frame_00290.bmp,d3_290.json
0.7088-0.2623-1.68325-1.7504-1.131,0.7088,0.2623,1.68325,1.7504,1.131,7.031,0.356,0.12,0.612,Frame_00291.bmp,d3_291.json
0.838-0.2065-1.21425-1.3266-1.135,0.838,0.2065,1.21425,1.3266,1.135,3.728,0.231,0.103,0.749,Frame_00292.bmp,d3_292.json
0.7352-0.2419-0.6665-1.0978-1.163,0.7352,0.2419,0.6665,1.0978,1.163,2.439,0.169,0.045,0.837,Frame_00293.bmp,d3_293.json
0.5-0.3379-1.67275-1.9363-1.462,0.5,0.3379,1.67275,1.9363,1.462,11.953,0.472,0.084,0.477,Frame_00294.bmp,d3_294.json
0.8392-0.2803-0.99725-1.0497-1.534,0.8392,0.2803,0.99725,1.0497,1.534,3.026,0.204,0.086,0.814,Frame_00295.bmp,d3_295.json
0.7128-0.3451-1.73225-0.7507-1.205,0.7128,0.3451,1.73225,0.7507,1.205,0.958,0.136,0.413,1.72,Frame_00296.bmp,d3_296.json
0.8744-0.1039-1.85125-1.6282-1.28,0.8744,0.1039,1.85125,1.6282,1.28,6.921,0.357,0.16,0.624,Frame_00297.bmp,d3_297.json
0.6716-0.2842-0.33575-1.7504-1.391,0.6716,0.2842,0.33575,1.7504,1.391,8.994,0.365,0.007,0.491,Frame_00298.bmp,d3_298.json
0.7596-0.2209-1.461-1.9077-1.11,0.7596,0.2209,1.461,1.9077,1.11,8.337,0.389,0.082,0.563,Frame_00299.bmp,d3_299.json
0.7156-0.2749-0.57725-0.9288-1.983,0.7156,0.2749,0.57725,0.9288,1.983,2.975,0.204,0.036,0.83,Frame_00300.bmp,d3_300.json
0.7848-0.2848-0.7995-1.0484-1.199,0.7848,0.2848,0.7995,1.0484,1.199,2.259,0.165,0.065,0.88,Frame_00301.bmp,d3_301.json
0.8684-0.1342-1.2125-1.0549-1.598,0.8684,0.1342,1.2125,1.0549,1.598,3.21,0.22,0.128,0.828,Frame_00302.bmp,d3_302.json
0.5112-0.2521-1.14425-1.0601-1.199,0.5112,0.2521,1.14425,1.0601,1.199,2.322,0.175,0.111,0.91,Frame_00303.bmp,d3_303.json
0.7296-0.2674-1.16525-0.7325-1.734,0.7296,0.2674,1.16525,0.7325,1.734,1.367,0.148,0.162,1.31,Frame_00304.bmp,d3_304.json
0.654-0.3229-0.257-1.428-1.812,0.654,0.3229,0.257,1.428,1.812,7.637,0.33,0.006,0.522,Frame_00305.bmp,d3_305.json
0.678-0.3724-1.11975-0.9054-1.995,0.678,0.3724,1.11975,0.9054,1.995,2.806,0.21,0.095,0.904,Frame_00306.bmp,d3_306.json
0.8792-0.289-1.42425-0.7728-1.492,0.8792,0.289,1.42425,0.7728,1.492,1.332,0.15,0.25,1.362,Frame_00307.bmp,d3_307.json
0.6276-0.3094-1.38225-1.3695-1.358,0.6276,0.3094,1.38225,1.3695,1.358,4.976,0.275,0.103,0.668,Frame_00308.bmp,d3_308.json
0.6256-0.1192-1.60625-0.973-1.363,0.6256,0.1192,1.60625,0.973,1.363,2.183,0.19,0.233,1.049,Frame_00309.bmp,d3_309.json
0.5568-0.3673-0.97625-1.6477-1.535,0.5568,0.3673,0.97625,1.6477,1.535,8.79,0.368,0.036,0.506,Frame_00310.bmp,d3_310.json
0.8924-0.118-0.53175-1.2733-1.597,0.8924,0.118,0.53175,1.2733,1.597,5.056,0.261,0.032,0.624,Frame_00311.bmp,d3_311.json
0.8872-0.2836-1.5695-1.2915-1.753,0.8872,0.2836,1.5695,1.2915,1.753,5.813,0.315,0.135,0.654,Frame_00312.bmp,d3_312.json
0.5048-0.2848-0.93425-1.0614-1.649,0.5048,0.2848,0.93425,1.0614,1.649,3.378,0.215,0.059,0.768,Frame_00313.bmp,d3_313.json
0.6588-0.3505-1.04625-1.7192-1.88,0.6588,0.3505,1.04625,1.7192,1.88,12.181,0.451,0.037,0.448,Frame_00314.bmp,d3_314.json
0.8504-0.3733-0.264-1.5658-1.419,0.8504,0.3733,0.264,1.5658,1.419,7.144,0.314,0.007,0.532,Frame_00315.bmp,d3_315.json
0.6284-0.3904-1.63775-0.9561-1.67,0.6284,0.3904,1.63775,0.9561,1.67,2.64,0.213,0.201,0.975,Frame_00316.bmp,d3_316.json
0.7216-0.2479-1.594-1.5099-1.013,0.7216,0.2479,1.594,1.5099,1.013,4.382,0.271,0.144,0.747,Frame_00317.bmp,d3_317.json
0.8552-0.2407-0.6525-1.2954-1.524,0.8552,0.2407,0.6525,1.2954,1.524,4.991,0.259,0.035,0.627,Frame_00318.bmp,d3_318.json
0.7824-0.3832-0.58425-1.6893-1.346,0.7824,0.3832,0.58425,1.6893,1.346,7.985,0.343,0.017,0.518,Frame_00319.bmp,d3_319.json
0.7792-0.3016-1.118-1.428-1.965,0.7792,0.3016,1.118,1.428,1.965,8.362,0.368,0.058,0.533,Frame_00320.bmp,d3_320.json
0.6228-0.2305-1.3525-1.8037-1.659,0.6228,0.2305,1.3525,1.8037,1.659,11.788,0.452,0.061,0.464,Frame_00321.bmp,d3_321.json
0.5276-0.1153-1.1145-0.7273-1.276,0.5276,0.1153,1.1145,0.7273,1.276,0.94,0.114,0.18,1.469,Frame_00322.bmp,d3_322.json
0.8996-0.3457-1.22475-1.7192-1.198,0.8996,0.3457,1.22475,1.7192,1.198,7.236,0.342,0.068,0.572,Frame_00323.bmp,d3_323.json
0.7076-0.3544-1.594-1.0432-1.761,0.7076,0.3544,1.594,1.0432,1.761,3.487,0.244,0.168,0.844,Frame_00324.bmp,d3_324.json
0.8712-0.2815-1.99475-1.038-1.173,0.8712,0.2815,1.99475,1.038,1.173,2.147,0.204,0.361,1.148,Frame_00325.bmp,d3_325.json
0.8728-0.3157-0.6805-1.116-1.721,0.8728,0.3157,0.6805,1.116,1.721,4.009,0.233,0.042,0.704,Frame_00326.bmp,d3_326.json
0.7592-0.2413-0.65775-1.0003-1.363,0.7592,0.2413,0.65775,1.0003,1.363,2.34,0.167,0.048,0.865,Frame_00327.bmp,d3_327.json
0.5476-0.3586-1.8565-1.9519-1.943,0.5476,0.3586,1.8565,1.9519,1.943,16.806,0.578,0.085,0.416,Frame_00328.bmp,d3_328.json
0.8348-0.3922-0.614-0.9366-1.524,0.8348,0.3922,0.614,0.9366,1.524,2.257,0.166,0.043,0.891,Frame_00329.bmp,d3_329.json
0.8548-0.2158-0.96225-1.4319-1.827,0.8548,0.2158,0.96225,1.4319,1.827,7.757,0.348,0.053,0.542,Frame_00330.bmp,d3_330.json
0.84-0.3712-0.65425-1.7387-1.037,0.84,0.3712,0.65425,1.7387,1.037,6.226,0.306,0.022,0.593,Frame_00331.bmp,d3_331.json
0.7804-0.2311-0.8975-1.5788-1.727,0.7804,0.2311,0.8975,1.5788,1.727,9.12,0.377,0.039,0.5,Frame_00332.bmp,d3_332.json
0.64-0.3412-0.5545-1.09-1.627,0.64,0.3412,0.5545,1.09,1.627,3.551,0.213,0.024,0.724,Frame_00333.bmp,d3_333.json
0.7112-0.2755-0.8205-1.2473-1.079,0.7112,0.2755,0.8205,1.2473,1.079,3.029,0.195,0.053,0.777,Frame_00334.bmp,d3_334.json
0.7624-0.3787-1.657-1.116-1.923,0.7624,0.3787,1.657,1.116,1.923,4.542,0.284,0.157,0.756,Frame_00335.bmp,d3_335.json
0.8812-0.2188-1.67625-1.6555-1.286,0.8812,0.2188,1.67625,1.6555,1.286,7.228,0.357,0.127,0.597,Frame_00336.bmp,d3_336.json
0.718-0.1936-1.44525-1.3409-1.871,0.718,0.1936,1.44525,1.3409,1.871,6.833,0.339,0.103,0.6,Frame_00337.bmp,d3_337.json
0.7972-0.172-1.00775-0.9509-1.661,0.7972,0.172,1.00775,0.9509,1.661,2.588,0.192,0.102,0.898,Frame_00338.bmp,d3_338.json
0.7724-0.2473-0.6735-1.0068-1.593,0.7724,0.2473,0.6735,1.0068,1.593,2.849,0.191,0.048,0.812,Frame_00339.bmp,d3_339.json
0.5128-0.34-1.839-1.4202-1.996,0.5128,0.34,1.839,1.4202,1.996,8.401,0.395,0.127,0.568,Frame_00340.bmp,d3_340.json
0.6204-0.118-1.97375-1.3279-1.17,0.6204,0.118,1.97375,1.3279,1.17,3.877,0.267,0.244,0.832,Frame_00341.bmp,d3_341.json
0.868-0.13-1.8425-1.8375-1.084,0.868,0.13,1.8425,1.8375,1.084,7.447,0.381,0.142,0.619,Frame_00342.bmp,d3_342.json
0.622-0.2866-1.3595-1.207-1.181,0.622,0.2866,1.3595,1.207,1.181,3.125,0.213,0.132,0.822,Frame_00343.bmp,d3_343.json
0.5152-0.1363-1.44-1.2564-1.883,0.5152,0.1363,1.44,1.2564,1.883,5.901,0.313,0.104,0.64,Frame_00344.bmp,d3_344.json
0.6148-0.1456-0.481-1.688-1.398,0.6148,0.1456,0.481,1.688,1.398,8.333,0.35,0.014,0.507,Frame_00345.bmp,d3_345.json
0.5656-0.3061-1.24225-1.6451-1.891,0.5656,0.3061,1.24225,1.6451,1.891,11.094,0.433,0.052,0.471,Frame_00346.bmp,d3_346.json
0.5612-0.2461-0.705-1.6607-1.984,0.5612,0.2461,0.705,1.6607,1.984,11.958,0.44,0.019,0.445,Frame_00347.bmp,d3_347.json
0.694-0.1978-0.59825-1.1186-1.95,0.694,0.1978,0.59825,1.1186,1.95,4.639,0.257,0.032,0.669,Frame_00348.bmp,d3_348.json
0.7572-0.1987-1.2265-0.8417-1.356,0.7572,0.1987,1.2265,0.8417,1.356,1.495,0.147,0.178,1.188,Frame_00349.bmp,d3_349.json
0.5232-0.3571-1.73925-0.7715-1.554,0.5232,0.3571,1.73925,0.7715,1.554,1.389,0.164,0.317,1.429,Frame_00350.bmp,d3_350.json
0.864-0.1357-1.08825-1.571-1.708,0.864,0.1357,1.08825,1.571,1.708,8.905,0.379,0.061,0.514,Frame_00351.bmp,d3_351.json
0.5596-0.3781-0.64375-0.8105-1.005,0.5596,0.3781,0.64375,0.8105,1.005,0.943,0.099,0.06,1.264,Frame_00352.bmp,d3_352.json
0.5928-0.2596-0.57025-1.9779-1.93,0.5928,0.2596,0.57025,1.9779,1.93,17.18,0.546,0.011,0.384,Frame_00353.bmp,d3_353.json
0.8268-0.2083-1.81625-1.2265-1.696,0.8268,0.2083,1.81625,1.2265,1.696,4.952,0.3,0.192,0.732,Frame_00354.bmp,d3_354.json
0.7848-0.3766-0.87475-1.3214-1.24,0.7848,0.3766,0.87475,1.3214,1.24,4.109,0.233,0.051,0.686,Frame_00355.bmp,d3_355.json
0.8832-0.2779-0.29025-1.2252-1.339,0.8832,0.2779,0.29025,1.2252,1.339,3.761,0.213,0.013,0.684,Frame_00356.bmp,d3_356.json
0.6228-0.3505-1.146-0.9236-1.981,0.6228,0.3505,1.146,0.9236,1.981,2.93,0.214,0.095,0.884,Frame_00357.bmp,d3_357.json
0.5132-0.1024-1.28075-0.739-1.835,0.5132,0.1024,1.28075,0.739,1.835,1.492,0.16,0.177,1.294,Frame_00358.bmp,d3_358.json
0.7228-0.13-0.44775-1.1121-1.718,0.7228,0.13,0.44775,1.1121,1.718,3.967,0.228,0.026,0.695,Frame_00359.bmp,d3_359.json
0.544-0.1438-1.2545-0.9314-1.538,0.544,0.1438,1.2545,0.9314,1.538,2.249,0.182,0.14,0.978,Frame_00360.bmp,d3_360.json
0.7784-0.3883-1.0305-1.1654-1.842,0.7784,0.3883,1.0305,1.1654,1.842,4.808,0.268,0.065,0.672,Frame_00361.bmp,d3_361.json
0.8952-0.3283-0.25175-1.259-1.75,0.8952,0.3283,0.25175,1.259,1.75,5.461,0.271,0.011,0.599,Frame_00362.bmp,d3_362.json
0.722-0.3712-1.68675-1.6698-1.698,0.722,0.3712,1.68675,1.6698,1.698,10.167,0.427,0.1,0.508,Frame_00363.bmp,d3_363.json
0.6584-0.106-0.2675-0.7026-1.897,0.6584,0.106,0.2675,0.7026,1.897,1.347,0.134,0.025,1.2,Frame_00364.bmp,d3_364.json
0.8236-0.3316-1.762-1.441-1.139,0.8236,0.3316,1.762,1.441,1.139,4.543,0.28,0.176,0.744,Frame_00365.bmp,d3_365.json
0.7444-0.3424-0.32-1.6867-1.129,0.7444,0.3424,0.32,1.6867,1.129,6.451,0.303,0.007,0.567,Frame_00366.bmp,d3_366.json
0.8244-0.1057-1.727-1.8245-1.642,0.8244,0.1057,1.727,1.8245,1.642,11.955,0.475,0.106,0.48,Frame_00367.bmp,d3_367.json
0.638-0.2167-0.51775-1.129-1.993,0.638,0.2167,0.51775,1.129,1.993,4.861,0.263,0.023,0.653,Frame_00368.bmp,d3_368.json
0.6084-0.1018-0.5265-1.064-1.279,0.6084,0.1018,0.5265,1.064,1.279,2.53,0.171,0.032,0.818,Frame_00369.bmp,d3_369.json
0.7608-0.1837-0.89225-1.5034-1.321,0.7608,0.1837,0.89225,1.5034,1.321,5.983,0.293,0.046,0.591,Frame_00370.bmp,d3_370.json
0.536-0.1408-1.24925-1.064-1.729,0.536,0.1408,1.24925,1.064,1.729,3.586,0.234,0.107,0.787,Frame_00371.bmp,d3_371.json
0.8696-0.1288-1.783-0.9847-1.23,0.8696,0.1288,1.783,0.9847,1.23,1.992,0.189,0.315,1.147,Frame_00372.bmp,d3_372.json
0.5716-0.3163-0.67175-1.0913-1.938,0.5716,0.3163,0.67175,1.0913,1.938,4.338,0.247,0.029,0.689,Frame_00373.bmp,d3_373.json
0.714-0.118-1.92125-0.8339-1.352,0.714,0.118,1.92125,0.8339,1.352,1.454,0.174,0.415,1.446,Frame_00374.bmp,d3_374.json
0.5024-0.3598-1.43825-0.7117-1.625,0.5024,0.3598,1.43825,0.7117,1.625,1.172,0.143,0.233,1.477,Frame_00375.bmp,d3_375.json
0.8208-0.2839-1.27025-1.077-1.487,0.8208,0.2839,1.27025,1.077,1.487,3.11,0.214,0.127,0.831,Frame_00376.bmp,d3_376.json
0.6328-0.2323-0.98675-1.2694-1.038,0.6328,0.2323,0.98675,1.2694,1.038,3.011,0.198,0.073,0.796,Frame_00377.bmp,d3_377.json
0.77-0.2341-1.23525-0.8768-1.717,0.77,0.2341,1.23525,0.8768,1.717,2.183,0.185,0.147,1.023,Frame_00378.bmp,d3_378.json
0.5996-0.2539-1.8845-0.8287-1.813,0.5996,0.2539,1.8845,0.8287,1.813,2.003,0.205,0.306,1.236,Frame_00379.bmp,d3_379.json
0.72-0.3295-1.74975-1.1446-1.743,0.72,0.3295,1.74975,1.1446,1.743,4.325,0.277,0.18,0.773,Frame_00380.bmp,d3_380.json
0.7364-0.1969-0.71025-1.0458-1.314,0.7364,0.1969,0.71025,1.0458,1.314,2.504,0.174,0.053,0.84,Frame_00381.bmp,d3_381.json
0.5896-0.2368-1.2335-1.5515-1.926,0.5896,0.2368,1.2335,1.5515,1.926,9.904,0.407,0.058,0.496,Frame_00382.bmp,d3_382.json
0.6244-0.2539-1.27375-1.6503-1.898,0.6244,0.2539,1.27375,1.6503,1.898,11.22,0.438,0.057,0.471,Frame_00383.bmp,d3_383.json
0.7948-0.1897-1.65525-1.0419-1.262,0.7948,0.1897,1.65525,1.0419,1.262,2.365,0.198,0.242,1.01,Frame_00384.bmp,d3_384.json
0.5348-0.2488-1.68325-1.2005-1.103,0.5348,0.2488,1.68325,1.2005,1.103,2.84,0.215,0.21,0.914,Frame_00385.bmp,d3_385.json
0.6972-0.3793-1.26325-0.9535-1.075,0.6972,0.3793,1.26325,0.9535,1.075,1.561,0.145,0.171,1.126,Frame_00386.bmp,d3_386.json
0.5148-0.3268-0.67175-1.4098-1.895,0.5148,0.3268,0.67175,1.4098,1.895,7.794,0.34,0.02,0.527,Frame_00387.bmp,d3_387.json
0.5032-0.1531-0.52125-0.8599-1.813,0.5032,0.1531,0.52125,0.8599,1.813,2.207,0.17,0.031,0.931,Frame_00388.bmp,d3_388.json
0.5872-0.3655-1.839-0.9717-1.406,0.5872,0.3655,1.839,0.9717,1.406,2.256,0.202,0.281,1.081,Frame_00389.bmp,d3_389.json
0.794-0.3784-0.6035-0.9613-1.076,0.794,0.3784,0.6035,0.9613,1.076,1.595,0.131,0.045,0.995,Frame_00390.bmp,d3_390.json
0.6004-0.3883-1.28775-0.804-1.655,0.6004,0.3883,1.28775,0.804,1.655,1.668,0.161,0.159,1.17,Frame_00391.bmp,d3_391.json
0.5376-0.2509-1.7865-0.9119-1.821,0.5376,0.2509,1.7865,0.9119,1.821,2.581,0.222,0.239,1.039,Frame_00392.bmp,d3_392.json
0.6172-0.3631-0.8905-1.4527-1.889,0.6172,0.3631,0.8905,1.4527,1.889,8.327,0.358,0.033,0.519,Frame_00393.bmp,d3_393.json
0.722-0.1813-0.3165-1.7868-1.889,0.722,0.1813,0.3165,1.7868,1.889,13.361,0.464,0.008,0.42,Frame_00394.bmp,d3_394.json
0.7236-0.1429-1.44-1.2837-1.043,0.7236,0.1429,1.44,1.2837,1.043,3.11,0.217,0.153,0.844,Frame_00395.bmp,d3_395.json
0.5808-0.2764-1.3175-1.9727-1.367,0.5808,0.2764,1.3175,1.9727,1.367,11.521,0.452,0.055,0.474,Frame_00396.bmp,d3_396.json
0.726-0.3184-0.9115-0.8547-1.824,0.726,0.3184,0.9115,0.8547,1.824,2.187,0.177,0.081,0.981,Frame_00397.bmp,d3_397.json
0.5304-0.1486-0.53-1.8583-1.801,0.5304,0.1486,0.53,1.8583,1.801,13.831,0.477,0.012,0.416,Frame_00398.bmp,d3_398.json
0.702-0.1897-1.986-1.0926-1.52,0.702,0.1897,1.986,1.0926,1.52,3.304,0.251,0.275,0.919,Frame_00399.bmp,d3_399.json
0.6364-0.2557-0.824-1.116-1.85,0.6364,0.2557,0.824,1.116,1.85,4.349,0.249,0.047,0.692,Frame_00400.bmp,d3_400.json
0.6856-0.3667-0.8905-1.1043-1.516,0.6856,0.3667,0.8905,1.1043,1.516,3.381,0.211,0.057,0.755,Frame_00401.bmp,d3_401.json
0.5428-0.1843-0.502-0.7468-1.453,0.5428,0.1843,0.502,0.7468,1.453,1.177,0.117,0.039,1.199,Frame_00402.bmp,d3_402.json
0.7024-0.3679-1.82325-1.7348-1.256,0.7024,0.3679,1.82325,1.7348,1.256,7.815,0.379,0.132,0.586,Frame_00403.bmp,d3_403.json
0.7256-0.2494-0.6805-1.6815-1.813,0.7256,0.2494,0.6805,1.6815,1.813,11.122,0.42,0.022,0.456,Frame_00404.bmp,d3_404.json
0.6572-0.133-0.50725-0.7455-1.384,0.6572,0.133,0.50725,0.7455,1.384,1.107,0.113,0.05,1.229,Frame_00405.bmp,d3_405.json
0.604-0.1453-0.90975-1.9077-1.701,0.604,0.1453,0.90975,1.9077,1.701,13.752,0.484,0.029,0.425,Frame_00406.bmp,d3_406.json
0.7728-0.1777-0.7575-0.8664-1.903,0.7728,0.1777,0.7575,0.8664,1.903,2.376,0.185,0.07,0.942,Frame_00407.bmp,d3_407.json
0.77-0.2083-0.3655-1.4839-1.716,0.77,0.2083,0.3655,1.4839,1.716,7.851,0.335,0.013,0.516,Frame_00408.bmp,d3_408.json
0.8176-0.1054-0.467-1.2681-1.294,0.8176,0.1054,0.467,1.2681,1.294,3.921,0.221,0.026,0.68,Frame_00409.bmp,d3_409.json
0.7448-0.22-0.593-0.7598-1.955,0.7448,0.22,0.593,0.7598,1.955,1.728,0.157,0.055,1.098,Frame_00410.bmp,d3_410.json
0.8368-0.1816-1.25275-1.3591-1.457,0.8368,0.1816,1.25275,1.3591,1.457,5.306,0.284,0.095,0.646,Frame_00411.bmp,d3_411.json
0.6412-0.3226-0.82925-1.9051-1.255,0.6412,0.3226,0.82925,1.9051,1.255,9.636,0.396,0.025,0.496,Frame_00412.bmp,d3_412.json
0.882-0.3709-0.6245-1.1342-1.77,0.882,0.3709,0.6245,1.1342,1.77,4.305,0.242,0.035,0.681,Frame_00413.bmp,d3_413.json
0.5984-0.2809-1.59925-1.8596-1.58,0.5984,0.2809,1.59925,1.8596,1.58,11.941,0.466,0.08,0.471,Frame_00414.bmp,d3_414.json
0.5812-0.2293-1.37525-0.7494-1.018,0.5812,0.2293,1.37525,0.7494,1.018,0.776,0.109,0.3,1.695,Frame_00415.bmp,d3_415.json
0.6496-0.3958-1.4925-1.662-1.772,0.6496,0.3958,1.4925,1.662,1.772,10.556,0.428,0.075,0.49,Frame_00416.bmp,d3_416.json
0.844-0.3865-0.82925-1.9649-1.858,0.844,0.3865,0.82925,1.9649,1.858,16.225,0.533,0.023,0.397,Frame_00417.bmp,d3_417.json
0.664-0.3058-1.6185-1.571-1.55,0.664,0.3058,1.6185,1.571,1.55,7.972,0.369,0.107,0.56,Frame_00418.bmp,d3_418.json
0.8732-0.1087-0.49325-1.1511-1.761,0.8732,0.1087,0.49325,1.1511,1.761,4.436,0.245,0.034,0.669,Frame_00419.bmp,d3_419.json
0.8564-0.3409-1.63075-1.5658-1.048,0.8564,0.3409,1.63075,1.5658,1.048,4.97,0.292,0.141,0.709,Frame_00420.bmp,d3_420.json
0.5032-0.2887-0.78025-1.3045-1.752,0.5032,0.2887,0.78025,1.3045,1.752,5.948,0.291,0.031,0.591,Frame_00421.bmp,d3_421.json
0.6644-0.2884-1.18625-1.3344-1.083,0.6644,0.2884,1.18625,1.3344,1.083,3.57,0.224,0.093,0.759,Frame_00422.bmp,d3_422.json
0.6464-0.1096-1.28425-0.9015-1.395,0.6464,0.1096,1.28425,0.9015,1.395,1.847,0.165,0.171,1.078,Frame_00423.bmp,d3_423.json
0.8996-0.2713-0.67175-1.3175-1.36,0.8996,0.2713,0.67175,1.3175,1.36,4.551,0.244,0.037,0.649,Frame_00424.bmp,d3_424.json
0.724-0.346-0.425-1.1446-1.647,0.724,0.346,0.425,1.1446,1.647,4.056,0.228,0.017,0.679,Frame_00425.bmp,d3_425.json
0.5692-0.1876-0.768-1.0588-1.127,0.5692,0.1876,0.768,1.0588,1.127,2.148,0.158,0.057,0.891,Frame_00426.bmp,d3_426.json
0.7284-0.1588-0.32525-1.5983-1.763,0.7284,0.1588,0.32525,1.5983,1.763,9.601,0.379,0.01,0.477,Frame_00427.bmp,d3_427.json
0.5924-0.2956-1.7655-0.9873-1.447,0.5924,0.2956,1.7655,0.9873,1.447,2.428,0.206,0.251,1.026,Frame_00428.bmp,d3_428.json
0.8124-0.145-0.7645-1.4631-1.183,0.8124,0.145,0.7645,1.4631,1.183,4.927,0.26,0.041,0.637,Frame_00429.bmp,d3_429.json
0.86-0.2311-1.972-1.9363-1.761,0.86,0.2311,1.972,1.9363,1.761,14.784,0.548,0.115,0.448,Frame_00430.bmp,d3_430.json
0.6276-0.2686-0.7995-1.0965-1.487,0.6276,0.2686,0.7995,1.0965,1.487,3.25,0.205,0.05,0.761,Frame_00431.bmp,d3_431.json
0.5752-0.2584-1.93-1.7621-1.578,0.5752,0.2584,1.93,1.7621,1.578,10.564,0.448,0.125,0.513,Frame_00432.bmp,d3_432.json
0.5472-0.1996-0.7015-1.1693-1.511,0.5472,0.1996,0.7015,1.1693,1.511,3.87,0.224,0.036,0.698,Frame_00433.bmp,d3_433.json
0.5676-0.3964-1.82325-1.2083-1.164,0.5676,0.3964,1.82325,1.2083,1.164,3.079,0.229,0.232,0.901,Frame_00434.bmp,d3_434.json
0.6388-0.3115-0.28325-0.7351-1.579,0.6388,0.3115,0.28325,0.7351,1.579,1.24,0.12,0.016,1.172,Frame_00435.bmp,d3_435.json
0.6636-0.2578-1.14775-0.9054-1.746,0.6636,0.2578,1.14775,0.9054,1.746,2.417,0.19,0.114,0.952,Frame_00436.bmp,d3_436.json
0.7944-0.1921-0.85375-1.3682-1.808,0.7944,0.1921,0.85375,1.3682,1.808,6.894,0.322,0.046,0.564,Frame_00437.bmp,d3_437.json
0.5036-0.3646-1.53975-0.9639-1.574,0.5036,0.3646,1.53975,0.9639,1.574,2.519,0.202,0.181,0.969,Frame_00438.bmp,d3_438.json
0.7808-0.3073-0.334-1.5359-1.328,0.7808,0.3073,0.334,1.5359,1.328,6.324,0.293,0.01,0.56,Frame_00439.bmp,d3_439.json
0.6796-0.3676-1.881-0.7975-1.014,0.6796,0.3676,1.881,0.7975,1.014,0.913,0.138,0.506,1.822,Frame_00440.bmp,d3_440.json
0.8644-0.2611-1.286-1.7218-1.414,0.8644,0.2611,1.286,1.7218,1.414,8.833,0.382,0.07,0.523,Frame_00441.bmp,d3_441.json
0.7452-0.2626-0.7505-1.6438-1.078,0.7452,0.2626,0.7505,1.6438,1.078,5.75,0.289,0.031,0.608,Frame_00442.bmp,d3_442.json
0.7648-0.1042-1.65175-0.7923-1.842,0.7648,0.1042,1.65175,0.7923,1.842,1.81,0.191,0.283,1.278,Frame_00443.bmp,d3_443.json
0.8244-0.3958-1.55025-1.4189-1.502,0.8244,0.3958,1.55025,1.4189,1.502,6.077,0.315,0.118,0.627,Frame_00444.bmp,d3_444.json
0.6144-0.175-1.46625-1.7608-1.461,0.6144,0.175,1.46625,1.7608,1.461,9.651,0.408,0.08,0.511,Frame_00445.bmp,d3_445.json
0.762-0.2968-0.90625-1.6074-1.129,0.762,0.2968,0.90625,1.6074,1.129,5.781,0.291,0.043,0.608,Frame_00446.bmp,d3_446.json
0.7068-0.2779-1.0165-0.8872-1.834,0.7068,0.2779,1.0165,0.8872,1.834,2.424,0.19,0.094,0.945,Frame_00447.bmp,d3_447.json
0.5792-0.3142-1.2265-0.83-1.194,0.5792,0.3142,1.2265,0.83,1.194,1.239,0.131,0.181,1.272,Frame_00448.bmp,d3_448.json
0.6864-0.2788-0.26925-0.8625-1.912,0.6864,0.2788,0.26925,0.8625,1.912,2.361,0.176,0.014,0.9,Frame_00449.bmp,d3_449.json
0.7752-0.3667-1.95975-1.7413-1.517,0.7752,0.3667,1.95975,1.7413,1.517,9.829,0.433,0.136,0.533,Frame_00450.bmp,d3_450.json
0.6848-0.1444-0.91325-1.4436-1.727,0.6848,0.1444,0.91325,1.4436,1.727,7.419,0.335,0.046,0.545,Frame_00451.bmp,d3_451.json
0.7644-0.3523-1.608-1.1212-1.759,0.7644,0.3523,1.608,1.1212,1.759,4.156,0.266,0.158,0.773,Frame_00452.bmp,d3_452.json
0.8824-0.1498-1.27725-1.4748-1.561,0.8824,0.1498,1.27725,1.4748,1.561,6.949,0.333,0.088,0.579,Frame_00453.bmp,d3_453.json
0.5272-0.2725-1.39975-1.0068-1.643,0.5272,0.2725,1.39975,1.0068,1.643,2.951,0.214,0.14,0.877,Frame_00454.bmp,d3_454.json
0.5384-0.2281-1.37525-1.1654-1.036,0.5384,0.2281,1.37525,1.1654,1.036,2.448,0.187,0.154,0.926,Frame_00455.bmp,d3_455.json
0.776-0.1717-1.2475-1.8739-1.773,0.776,0.1717,1.2475,1.8739,1.773,13.846,0.496,0.054,0.433,Frame_00456.bmp,d3_456.json
0.806-0.3037-1.2545-0.9353-1.667,0.806,0.3037,1.2545,0.9353,1.667,2.492,0.195,0.139,0.947,Frame_00457.bmp,d3_457.json
0.6472-0.1639-1.76375-1.2421-1.173,0.6472,0.1639,1.76375,1.2421,1.173,3.32,0.237,0.216,0.862,Frame_00458.bmp,d3_458.json
0.6424-0.3814-0.65775-1.142-1.237,0.6424,0.3814,0.65775,1.142,1.237,2.891,0.186,0.034,0.776,Frame_00459.bmp,d3_459.json
0.6196-0.1027-0.97625-1.4332-1.844,0.6196,0.1027,0.97625,1.4332,1.844,7.855,0.349,0.049,0.538,Frame_00460.bmp,d3_460.json
0.5448-0.1696-1.54675-0.9041-1.421,0.5448,0.1696,1.54675,0.9041,1.421,1.902,0.176,0.226,1.119,Frame_00461.bmp,d3_461.json
0.5136-0.2515-0.28675-1.3955-1.037,0.5136,0.2515,0.28675,1.3955,1.037,3.758,0.215,0.007,0.691,Frame_00462.bmp,d3_462.json
0.6688-0.1813-1.776-1.4163-1.993,0.6688,0.1813,1.776,1.4163,1.993,8.333,0.394,0.131,0.571,Frame_00463.bmp,d3_463.json
0.6108-0.2776-0.9605-1.9077-1.192,0.6108,0.2776,0.9605,1.9077,1.192,9.088,0.388,0.034,0.515,Frame_00464.bmp,d3_464.json
0.8416-0.3127-0.67-0.7806-1.287,0.8416,0.3127,0.67,0.7806,1.287,1.151,0.115,0.072,1.21,Frame_00465.bmp,d3_465.json
0.5628-0.1579-0.7785-0.8573-1.737,0.5628,0.1579,0.7785,0.8573,1.737,2.086,0.168,0.064,0.974,Frame_00466.bmp,d3_466.json
0.772-0.3469-0.25875-0.7767-1.66,0.772,0.3469,0.25875,0.7767,1.66,1.525,0.135,0.017,1.071,Frame_00467.bmp,d3_467.json
0.7128-0.3814-0.978-1.6867-1.632,0.7128,0.3814,0.978,1.6867,1.632,9.944,0.397,0.036,0.483,Frame_00468.bmp,d3_468.json
0.8448-0.1576-0.82575-1.1927-1.751,0.8448,0.1576,0.82575,1.1927,1.751,4.802,0.263,0.057,0.661,Frame_00469.bmp,d3_469.json
0.5336-0.1198-1.4435-1.1498-1.959,0.5336,0.1198,1.4435,1.1498,1.959,4.985,0.29,0.117,0.702,Frame_00470.bmp,d3_470.json
0.7828-0.2809-1.1005-1.1836-1.989,0.7828,0.2809,1.1005,1.1836,1.989,5.437,0.293,0.074,0.651,Frame_00471.bmp,d3_471.json
0.6608-0.3976-1.4365-1.8297-1.264,0.6608,0.3976,1.4365,1.8297,1.264,8.878,0.392,0.075,0.533,Frame_00472.bmp,d3_472.json
0.8364-0.1606-1.82325-1.7374-1.356,0.8364,0.1606,1.82325,1.7374,1.356,8.584,0.4,0.135,0.563,Frame_00473.bmp,d3_473.json
0.7392-0.1798-1.67275-1.857-1.461,0.7392,0.1798,1.67275,1.857,1.461,10.877,0.448,0.097,0.498,Frame_00474.bmp,d3_474.json
0.6356-0.1525-1.3805-1.0861-1.329,0.6356,0.1525,1.3805,1.0861,1.329,2.785,0.203,0.152,0.88,Frame_00475.bmp,d3_475.json
0.7648-0.2137-1.755-1.1043-1.203,0.7648,0.2137,1.755,1.1043,1.203,2.577,0.209,0.253,0.981,Frame_00476.bmp,d3_476.json
0.5364-0.2533-1.92125-0.9093-1.03,0.5364,0.2533,1.92125,0.9093,1.03,1.312,0.16,0.43,1.477,Frame_00477.bmp,d3_477.json
0.5304-0.2011-1.35775-0.7897-1.258,0.5304,0.2011,1.35775,0.7897,1.258,1.156,0.132,0.23,1.382,Frame_00478.bmp,d3_478.json
0.716-0.1777-1.2055-1.3435-1.791,0.716,0.1777,1.2055,1.3435,1.791,6.536,0.321,0.078,0.594,Frame_00479.bmp,d3_479.json
0.7636-0.1879-1.17925-0.7299-1.153,0.7636,0.1879,1.17925,0.7299,1.153,0.841,0.109,0.226,1.57,Frame_00480.bmp,d3_480.json
0.8272-0.1756-1.63425-1.8505-1.62,0.8272,0.1756,1.63425,1.8505,1.62,12.153,0.475,0.092,0.472,Frame_00481.bmp,d3_481.json
0.7124-0.3871-0.579-0.7546-1.327,0.7124,0.3871,0.579,0.7546,1.327,1.089,0.111,0.049,1.229,Frame_00482.bmp,d3_482.json
0.5088-0.1396-0.89225-1.5658-1.172,0.5088,0.1396,0.89225,1.5658,1.172,5.696,0.286,0.041,0.607,Frame_00483.bmp,d3_483.json
0.6316-0.1741-1.53975-1.6984-1.28,0.6316,0.1741,1.53975,1.6984,1.28,7.618,0.361,0.099,0.573,Frame_00484.bmp,d3_484.json
0.604-0.2896-1.55025-1.5216-1.92,0.604,0.2896,1.55025,1.5216,1.92,9.438,0.407,0.089,0.521,Frame_00485.bmp,d3_485.json
0.5316-0.2884-0.51425-1.3578-1.669,0.5316,0.2884,0.51425,1.3578,1.669,6.186,0.291,0.015,0.569,Frame_00486.bmp,d3_486.json
0.6472-0.3544-1.713-0.9041-1.384,0.6472,0.3544,1.713,0.9041,1.384,1.844,0.18,0.276,1.176,Frame_00487.bmp,d3_487.json
0.8352-0.3157-0.37075-1.402-1.498,0.8352,0.3157,0.37075,1.402,1.498,5.892,0.28,0.013,0.575,Frame_00488.bmp,d3_488.json
0.5476-0.1444-1.28425-1.6633-1.235,0.5476,0.1444,1.28425,1.6633,1.235,6.962,0.334,0.073,0.579,Frame_00489.bmp,d3_489.json
0.6628-0.3676-1.78825-1.1186-1.461,0.6628,0.3676,1.78825,1.1186,1.461,3.343,0.24,0.215,0.868,Frame_00490.bmp,d3_490.json
0.6648-0.2665-1.5835-1.6646-1.892,0.6648,0.2665,1.5835,1.6646,1.892,11.402,0.453,0.085,0.481,Frame_00491.bmp,d3_491.json
0.574-0.2527-0.52825-1.9545-1.541,0.574,0.2527,0.52825,1.9545,1.541,12.968,0.461,0.01,0.43,Frame_00492.bmp,d3_492.json
0.8612-0.3415-1.4435-1.1836-1.958,0.8612,0.3415,1.4435,1.1836,1.958,5.343,0.301,0.119,0.681,Frame_00493.bmp,d3_493.json
0.5692-0.1885-0.61575-1.0666-1.334,0.5692,0.1885,0.61575,1.0666,1.334,2.675,0.178,0.035,0.805,Frame_00494.bmp,d3_494.json
0.744-0.1531-0.59475-1.051-1.16,0.744,0.1531,0.59475,1.051,1.16,2.184,0.158,0.043,0.873,Frame_00495.bmp,d3_495.json
0.5444-0.1123-0.25175-1.2148-1.512,0.5444,0.1123,0.25175,1.2148,1.512,4.245,0.23,0.009,0.654,Frame_00496.bmp,d3_496.json
0.5748-0.3244-1.699-0.7572-1.257,0.5748,0.3244,1.699,0.7572,1.257,1.031,0.139,0.374,1.631,Frame_00497.bmp,d3_497.json
0.8252-0.1258-0.4145-1.0445-1.198,0.8252,0.1258,0.4145,1.0445,1.198,2.236,0.158,0.029,0.853,Frame_00498.bmp,d3_498.json
0.6316-0.268-0.432-1.9987-1.595,0.6316,0.268,0.432,1.9987,1.595,14.179,0.486,0.008,0.414,Frame_00499.bmp,d3_499.json
0.6252-0.2398-0.6315-1.7166-1.061,0.6252,0.2398,0.6315,1.7166,1.061,6.222,0.303,0.02,0.589,Frame_00500.bmp,d3_500.json
0.6156-0.3199-0.747-0.8547-1.585,0.6156,0.3199,0.747,0.8547,1.585,1.865,0.154,0.057,0.998,Frame_00501.bmp,d3_501.json
0.7676-0.3676-0.628-1.2161-1.027,0.7676,0.3676,0.628,1.2161,1.027,2.682,0.178,0.035,0.802,Frame_00502.bmp,d3_502.json
0.7792-0.3016-1.118-1.428-1.707,0.7792,0.3016,1.118,1.428,1.707,7.139,0.332,0.062,0.562,Frame_00503.bmp,d3_503.json
0.6416-0.1786-1.2825-1.1914-1.705,0.6416,0.1786,1.2825,1.1914,1.705,4.647,0.268,0.1,0.696,Frame_00504.bmp,d3_504.json
0.672-0.2284-0.9955-1.0107-1.913,0.672,0.2284,0.9955,1.0107,1.913,3.537,0.23,0.075,0.786,Frame_00505.bmp,d3_505.json
0.838-0.3382-0.36375-1.7868-1.433,0.838,0.3382,0.36375,1.7868,1.433,9.753,0.385,0.009,0.476,Frame_00506.bmp,d3_506.json
0.672-0.2284-0.9955-1.0107-1.913,0.672,0.2284,0.9955,1.0107,1.913,3.537,0.23,0.075,0.786,Frame_00507.bmp,d3_507.json
